status,number_of_stories,age,roof_mwfrs_enc,wall_cladding_enc,roof_system_enc,roof_cover_enc,foundation_type,wall_structure,soffit_type,large_door_present
4.0,1.0,23.0,16.0,0.0,65.0,117.0,7.0,28.0,1.0,0.0
1.0,1.0,32.0,16.0,16.0,67.0,10.0,7.0,28.0,5.0,1.0
3.0,1.0,50.0,16.0,16919.0,62.0,121.0,7.0,28.0,4.0,0.0
2.0,1.0,78.0,16.0,16.0,65.0,121.0,7.0,21.0,3.0,0.0
1.0,1.0,63.0,16.0,10.0,65.0,6117.0,7.0,21.0,4.0,0.0
4.0,1.0,2.0,4.0,15.0,91.0,121.0,7.0,6.0,1.0,1.0
3.0,1.0,51.0,4.0,16.0,91065.0,19.0,7.0,21.0,1.0,1.0
4.0,2.0,51.0,4.0,16.0,67.0,19.0,7.0,17.0,4.0,1.0
3.0,2.0,51.0,16.0,16.0,67.0,6.0,7.0,17.0,4.0,0.0
3.0,3.0,26.0,16.0,16.0,91.0,117.0,7.0,27.0,4.0,0.0
2.0,6.0,31.0,13.0,10.0,8.0,25.0,7.0,27.0,1.0,0.0
2.0,1.0,18.0,13.0,10.0,8.0,25.0,7.0,17.0,1.0,0.0
1.0,1.0,11.0,16.0,1623.0,62.0,19.0,7.0,28.0,4.0,1.0
2.0,1.0,8.0,16.0,234.0,62.0,19.0,7.0,28.0,4.0,1.0
1.0,1.0,10.0,16.0,1623.0,62.0,19.0,7.0,28.0,4.0,1.0
1.0,1.0,7.0,16.0,1623.0,62.0,6.0,7.0,28.0,4.0,1.0
2.0,1.0,8.0,16.0,1623.0,62.0,6.0,7.0,28.0,4.0,1.0
2.0,1.0,8.0,16.0,23.0,62.0,6.0,7.0,28.0,4.0,1.0
2.0,1.0,9.0,16.0,23.0,62.0,6.0,7.0,28.0,4.0,1.0
2.0,1.0,9.0,16.0,23.0,62.0,6.0,7.0,28.0,4.0,1.0
2.0,1.0,11.0,16.0,1623.0,62.0,19.0,7.0,28.0,4.0,1.0
2.0,1.0,8.0,16.0,1623.0,62.0,19.0,7.0,28.0,4.0,1.0
1.0,1.0,8.0,16.0,1623.0,62.0,6.0,7.0,28.0,4.0,1.0
2.0,1.0,7.0,16.0,1623.0,62.0,19.0,7.0,28.0,4.0,1.0
2.0,1.0,8.0,16.0,1623.0,62.0,6.0,7.0,28.0,4.0,1.0
3.0,1.0,6.0,16.0,1623.0,62.0,19.0,7.0,28.0,4.0,1.0
2.0,1.0,5.0,16.0,23.0,3.0,6.0,7.0,28.0,4.0,1.0
1.0,1.0,4.0,16.0,23.0,62.0,19.0,7.0,28.0,3.0,1.0
3.0,1.0,35.0,16.0,23.0,910.0,19.0,7.0,28.0,1.0,0.0
2.0,1.0,18.0,16.0,16.0,3.0,25.0,7.0,17.0,3.0,0.0
0.0,1.0,33.0,16.0,0.0,3.0,19.0,7.0,17.0,1.0,0.0
4.0,2.0,23.0,16.0,23.0,62.0,19.0,7.0,17.0,4.0,0.0
0.0,1.0,53.0,4.0,25.0,67.0,19.0,7.0,28.0,3.0,1.0
2.0,1.0,56.0,16.0,10.0,65.0,6.0,7.0,17.0,3.0,0.0
1.0,1.0,11.0,16.0,1623.0,62.0,6.0,7.0,28.0,4.0,1.0
2.0,1.0,11.0,16.0,1623.0,62.0,6.0,7.0,28.0,4.0,1.0
3.0,1.0,11.0,16.0,16.0,62.0,19.0,7.0,28.0,4.0,1.0
1.0,2.0,61.0,16.0,10.0,65.0,19.0,1.0,17.0,4.0,0.0
1.0,1.0,10.0,16.0,14.0,62.0,6.0,1.0,28.0,4.0,0.0
1.0,1.0,22.0,16.0,10.0,62.0,6.0,7.0,28.0,4.0,1.0
1.0,2.0,0.0,16.0,140.0,62.0,121.0,7.0,28.0,4.0,0.0
3.0,1.0,18.0,4.0,15.0,910.0,117.0,7.0,6.0,1.0,0.0
0.0,1.0,54.0,3.0,28.0,3.0,19.0,7.0,27.0,4.0,0.0
0.0,1.0,2.0,3.0,0.0,67.0,121.0,7.0,28.0,4.0,0.0
1.0,2.0,70.0,3.0,9230.0,62.0,19.0,7.0,28.0,4.0,1.0
1.0,1.0,70.0,16.0,12.0,65.0,121.0,6.0,17.0,5.0,0.0
2.0,2.0,68.0,16.0,2327.0,62.0,19.0,7.0,28.0,4.0,0.0
4.0,1.0,58.0,16.0,1013.0,65.0,19121.0,7.0,15.0,4.0,0.0
0.0,1.0,62.0,16.0,16.0,62.0,19.0,7.0,15.0,5.0,0.0
3.0,2.0,53.0,16.0,1619.0,65.0,19.0,7.0,28.0,4.0,0.0
3.0,2.0,33.0,16.0,9.0,62.0,19.0,7.0,28.0,5.0,0.0
2.0,1.0,13.0,16.0,16.0,65.0,19.0,7.0,8.0,5.0,0.0
1.0,1.0,42.6,16.0,16.0,65.0,19.0,7.0,8.0,5.0,0.0
1.0,2.0,2.0,16.0,927.0,65.0,117.0,7.0,8.0,3.0,0.0
1.0,25.0,11.0,16.0,927.0,65.0,117.0,7.0,8.0,3.0,0.0
1.0,1.0,32.0,16.0,9.0,65.0,10.0,7.0,28.0,3.0,0.0
2.0,1.0,25.0,16.0,9.0,65.0,10.0,7.0,28.0,3.0,0.0
2.0,12.0,34.0,16.0,10.0,65.0,121.0,7.0,17.0,3.0,0.0
1.0,1.0,64.0,16.0,10.0,67.0,18.0,7.0,28.0,3.0,0.0
2.0,1.0,59.6,16.0,10.0,67.0,18.0,7.0,28.0,3.0,0.0
3.0,1.0,56.0,16.0,10.0,67.0,18.0,7.0,28.0,3.0,0.0
4.0,1.0,32.0,4.0,15.0,910.0,117.0,7.0,6.0,1.0,1.0
2.0,1.0,44.4,4.0,15.0,910.0,117.0,7.0,6.0,1.0,1.0
2.0,1.0,67.0,4.0,15.0,910.0,117.0,7.0,6.0,1.0,1.0
3.0,1.0,41.0,4.0,15.0,910.0,117.0,7.0,6.0,1.0,1.0
3.0,1.0,41.0,4.0,15.0,910.0,117.0,7.0,6.0,1.0,1.0
3.0,1.0,41.0,4.0,15.0,910.0,117.0,7.0,6.0,1.0,1.0
3.0,1.0,41.0,4.0,15.0,910.0,117.0,7.0,6.0,1.0,1.0
3.0,1.0,60.0,4.0,15.0,910.0,117.0,7.0,6.0,1.0,1.0
4.0,1.0,49.0,4.0,15.0,910.0,117.0,7.0,6.0,1.0,1.0
4.0,2.0,34.0,4.0,0.0,62.0,19.0,7.0,28.0,3.0,0.0
4.0,1.0,31.2,16.0,16.0,65.0,6.0,7.0,28.0,3.0,0.0
3.0,1.0,58.0,16.0,10.0,62.0,10.0,7.0,28.0,4.0,0.0
3.0,1.0,58.0,16.0,16.0,65.0,121.0,7.0,28.0,3.0,0.0
4.0,2.0,34.0,16.0,23.0,62.0,19.0,7.0,28.0,4.0,0.0
2.0,1.0,11.0,16.0,1623.0,62.0,6.0,8.0,28.0,4.0,1.0
1.0,1.0,12.0,16.0,1623.0,62.0,6.0,7.0,28.0,4.0,1.0
1.0,1.0,12.0,16.0,1610.0,62.0,6.0,7.0,28.0,4.0,1.0
1.0,1.0,12.0,16.0,16.0,62.0,6.0,7.0,28.0,4.0,1.0
2.0,1.0,12.0,16.0,16.0,62.0,19.0,7.0,28.0,4.0,1.0
1.0,1.0,20.0,16.0,16.0,67.0,121.0,8.0,28.0,0.0,1.0
2.0,1.0,12.0,16.0,23.0,62.0,6.0,7.0,28.0,4.0,1.0
1.0,1.0,20.0,16.0,10.0,62.0,6.0,8.0,28.0,4.0,1.0
2.0,1.0,20.0,16.0,10.0,62.0,6.0,8.0,28.0,4.0,1.0
2.0,1.0,20.0,16.0,10.0,62.0,19.0,7.0,28.0,4.0,1.0
2.0,1.0,20.0,16.0,10.0,62.0,6.0,7.0,28.0,4.0,1.0
2.0,1.0,12.0,16.0,1614.0,62.0,6.0,8.0,28.0,4.0,1.0
4.0,2.0,21.0,16.0,23.0,65.0,121.0,12.0,28.0,4.0,0.0
2.0,3.0,15.0,16.0,10.0,3.0,25.0,0.0,17.0,4.0,0.0
3.0,1.0,17.0,16.0,23.0,62.0,19.0,13.0,28.0,4.0,0.0
2.0,3.0,41.0,16.0,10.0,910.0,117.0,7.0,6.0,1.0,0.0
3.0,3.0,33.0,16.0,10.0,62.0,121.0,7.0,28.0,1.0,0.0
2.0,2.0,66.0,16.0,19.0,67.0,19.0,7.0,32.0,1.0,0.0
1.0,1.0,68.0,16.0,37.0,67.0,19.0,7.0,17.0,4.0,0.0
1.0,1.0,31.0,16.0,1623.0,62.0,19.0,7.0,28.0,4.0,1.0
1.0,1.0,22.0,16.0,10.0,62.0,19.0,7.0,28.0,4.0,1.0
4.0,2.0,35.0,16.0,10.0,65.0,121.0,7.0,32.0,3.0,0.0
2.0,2.0,1.0,16.0,23.0,62.0,121.0,7.0,28.0,4.0,0.0
4.0,1.0,68.0,16.0,100.0,62.0,19.0,7.0,17.0,1.0,0.0
1.0,2.0,0.0,16.0,903.0,62.0,121.0,7.0,31.0,3.0,0.0
1.0,1.0,12.0,16.0,1623.0,62.0,6.0,7.0,28.0,4.0,1.0
1.0,1.0,11.0,16.0,1623.0,62.0,6.0,7.0,28.0,4.0,1.0
2.0,1.0,10.0,16.0,1614.0,62.0,6.0,7.0,28.0,4.0,1.0
2.0,1.0,9.0,16.0,1623.0,62.0,6.0,7.0,28.0,4.0,1.0
3.0,1.0,2.0,16.0,14.0,62.0,6.0,7.0,28.0,4.0,1.0
2.0,1.0,20.0,16.0,10.0,62.0,6.0,7.0,28.0,4.0,1.0
1.0,2.0,13.0,16.0,9.0,62.0,121.0,7.0,28.0,4.0,0.0
0.0,1.0,3.0,16.0,9.0,62.0,6.0,8.0,28.0,4.0,1.0
1.0,1.0,3.0,16.0,9.0,62.0,6.0,8.0,28.0,4.0,1.0
0.0,1.0,5.0,16.0,9.0,62.0,6.0,8.0,28.0,4.0,1.0
1.0,1.0,4.0,16.0,9.0,65.0,6.0,8.0,28.0,4.0,1.0
0.0,1.0,13.0,16.0,9.0,62.0,121.0,8.0,28.0,5.0,0.0
1.0,1.0,2.0,16.0,9.0,62.0,6.0,8.0,28.0,4.0,0.0
1.0,1.0,3.0,16.0,9.0,62.0,6.0,8.0,28.0,4.0,0.0
1.0,1.0,5.0,16.0,9.0,62.0,6.0,8.0,28.0,4.0,0.0
1.0,1.0,5.0,16.0,9.0,62.0,6.0,8.0,28.0,4.0,1.0
1.0,1.0,1.0,16.0,9.0,62.0,6.0,8.0,28.0,4.0,1.0
1.0,1.5,1.0,16.0,9.0,62.0,6.0,7.0,28.0,4.0,1.0
1.0,1.5,3.0,16.0,9.0,62.0,6.0,8.0,28.0,4.0,1.0
1.0,1.0,1.0,16.0,9.0,62.0,6.0,8.0,28.0,4.0,1.0
1.0,1.0,1.0,16.0,9.0,62.0,6.0,7.0,28.0,4.0,1.0
1.0,1.0,11.0,16.0,1623.0,62.0,6.0,7.0,28.0,4.0,1.0
1.0,1.0,12.0,16.0,1623.0,62.0,6.0,7.0,28.0,4.0,1.0
2.0,1.0,12.0,16.0,1623.0,62.0,6.0,8.0,28.0,4.0,1.0
2.0,1.0,12.0,16.0,1623.0,62.0,6.0,8.0,28.0,4.0,1.0
2.0,1.0,12.0,16.0,1629.0,62.0,6.0,7.0,28.0,4.0,1.0
0.0,1.0,1.0,16.0,1623.0,62.0,6.0,8.0,28.0,4.0,1.0
2.0,1.0,12.0,16.0,1623.0,62.0,6.0,8.0,28.0,4.0,1.0
1.0,1.0,11.0,16.0,1614.0,62.0,6.0,8.0,28.0,4.0,1.0
1.0,1.0,12.0,16.0,1614.0,62.0,6.0,8.0,28.0,4.0,1.0
3.0,1.0,20.0,16.0,10.0,62.0,6.0,8.0,28.0,4.0,1.0
4.0,1.0,118.0,16.0,0.0,62.0,19.0,12.0,28.0,3.0,1.0
1.0,3.0,0.0,16.0,91927.0,62.0,121.0,5.0,28.0,4.0,1.0
4.0,1.0,25.0,16.0,23.0,62.0,121.0,12.0,28.0,4.0,0.0
4.0,1.0,118.0,16.0,0.0,62.0,121.0,7.0,28.0,3.0,0.0
4.0,1.0,118.0,3.0,9.0,65.0,121.0,7.0,28.0,3.0,0.0
2.0,1.0,62.0,3.0,9.0,65.0,121.0,7.0,28.0,3.0,0.0
1.0,3.0,11.0,3.0,9.0,65.0,121.0,7.0,28.0,3.0,0.0
1.0,3.0,54.6,3.0,9.0,65.0,121.0,7.0,28.0,3.0,0.0
2.0,3.0,25.0,4.0,2.0,91.0,117.0,7.0,5.0,1.0,0.0
2.0,3.0,49.4,4.0,2.0,91.0,117.0,7.0,5.0,1.0,0.0
3.0,1.0,118.0,4.0,2.0,91.0,117.0,7.0,5.0,1.0,0.0
2.0,1.0,59.0,16.0,16.0,65.0,121.0,7.0,28.0,1.0,1.0
2.0,1.0,75.0,13.0,10.0,8.0,25.0,7.0,17.0,1.0,0.0
2.0,2.0,28.0,16.0,9.0,65.0,19.0,12.0,28.0,5.0,0.0
2.0,2.0,29.0,16.0,9.0,65.0,19.0,12.0,28.0,5.0,0.0
2.0,2.0,27.4,16.0,9.0,65.0,19.0,12.0,28.0,5.0,0.0
2.0,2.0,27.4,16.0,9.0,65.0,19.0,12.0,28.0,5.0,0.0
3.0,2.0,32.4,16.0,9.0,65.0,19.0,12.0,28.0,5.0,0.0
3.0,1.0,59.0,16.0,10.0,65.0,6.0,7.0,17.0,4.0,0.0
3.0,2.0,23.0,16.0,9.0,67.0,19.0,12.0,28.0,5.0,0.0
0.0,1.0,17.0,16.0,10.0,67.0,10.0,8.0,28.0,3.0,1.0
4.0,2.0,34.0,16.0,23.0,67.0,121.0,14.0,28.0,4.0,0.0
3.0,1.0,33.0,16.0,9.0,62.0,121.0,14.0,28.0,4.0,0.0
2.0,1.0,33.0,16.0,16.0,62.0,19.0,7.0,28.0,4.0,0.0
1.0,1.0,44.0,16.0,169.0,62.0,121.0,7.0,28.0,4.0,0.0
2.0,1.0,17.0,4.0,170.0,90.0,121.0,7.0,5.0,1.0,0.0
2.0,1.0,62.0,4.0,15.0,910.0,121.0,7.0,6.0,1.0,0.0
1.0,1.0,35.0,3.0,1023.0,3.0,18.0,7.0,27.0,1.0,1.0
1.0,1.0,68.0,3.0,0.0,62.0,19.0,7.0,28.0,4.0,1.0
1.0,1.0,68.0,3.0,19.0,65.0,121.0,7.0,28.0,5.0,1.0
1.0,1.0,68.0,3.0,15.0,90.0,121.0,7.0,0.0,1.0,1.0
2.0,2.0,11.0,3.0,1023.0,908.0,121.0,7.0,17.0,1.0,1.0
1.0,1.0,84.0,16.0,14.0,65.0,19.0,7.0,28.0,5.0,0.0
2.0,1.0,37.0,16.0,16.0,65.0,19.0,7.0,28.0,3.0,0.0
2.0,1.0,50.0,16.0,16.0,62.0,19.0,7.0,28.0,4.0,1.0
0.0,1.0,36.0,16.0,161923.0,62.0,121.0,7.0,28.0,4.0,0.0
0.0,1.0,44.0,16.0,16.0,62.0,117.0,7.0,28.0,4.0,0.0
1.0,1.0,43.0,16.0,16.0,62.0,19.0,7.0,28.0,3.0,0.0
1.0,1.0,44.0,16.0,16.0,62.0,19.0,7.0,28.0,4.0,0.0
1.0,1.0,48.0,16.0,1623.0,62.0,19.0,7.0,28.0,4.0,0.0
1.0,1.0,42.0,16.0,16.0,62.0,117.0,7.0,28.0,3.0,0.0
1.0,1.0,43.0,16.0,16.0,65.0,117.0,7.0,28.0,3.0,0.0
0.0,1.0,45.0,16.0,169.0,62.0,6.0,7.0,28.0,4.0,0.0
0.0,1.0,45.0,16.0,16.0,62.0,121.0,7.0,28.0,3.0,0.0
4.0,1.0,9.0,16.0,16.0,91.0,8.0,7.0,21.0,5.0,0.0
2.0,1.0,52.0,16.0,10.0,67.0,19121.0,7.0,17.0,3.0,0.0
1.0,1.0,31.0,16.0,15.0,67.0,121.0,7.0,6.0,1.0,0.0
2.0,1.0,37.0,16.0,1510.0,910.0,117.0,7.0,3.0,0.0,0.0
2.0,1.0,42.0,16.0,1610.0,8.0,15.0,7.0,17.0,1.0,0.0
4.0,1.0,47.0,16.0,15.0,910.0,117.0,7.0,6.0,1.0,0.0
2.0,3.0,9.0,16.0,16.0,62.0,121.0,7.0,3.0,1.0,0.0
4.0,2.0,31.0,16.0,161519.0,910.0,117.0,7.0,3.0,1.0,0.0
4.0,1.5,48.0,16.0,1610.0,91.0,11712.0,7.0,6.0,1.0,0.0
2.0,1.0,48.0,4.0,1615.0,90.0,117.0,7.0,6.0,4.0,0.0
3.0,1.0,6.0,16.0,1627.0,62.0,6.0,8.0,28.0,3.0,1.0
1.0,1.0,6.0,16.0,16.0,62.0,6.0,8.0,28.0,4.0,1.0
3.0,1.5,6.0,16.0,169.0,62.0,6.0,8.0,28.0,4.0,1.0
3.0,2.0,2.0,16.0,1614.0,62.0,6.0,8.0,28.0,4.0,1.0
4.0,2.0,2.0,16.0,1623.0,62.0,6.0,8.0,28.0,4.0,1.0
0.0,1.0,20.0,16.0,15.0,90.0,121.0,8.0,6.0,1.0,1.0
3.0,1.0,33.6,4.0,15.0,90.0,117.0,7.0,6.0,1.0,0.0
3.0,1.0,21.0,4.0,15.0,9091.0,117.0,7.0,3.0,1.0,0.0
3.0,1.0,31.0,4.0,1510.0,9091.0,121.0,7.0,20.0,1.0,0.0
1.0,1.0,9.0,4.0,10.0,91091.0,117.0,7.0,17.0,1.0,0.0
3.0,1.0,12.0,16.0,16.0,62.0,6.0,8.0,28.0,4.0,1.0
1.0,1.0,12.0,16.0,16.0,62.0,6.0,8.0,28.0,3.0,1.0
1.0,1.0,12.0,16.0,1610.0,62.0,6.0,8.0,28.0,4.0,1.0
2.0,1.0,12.0,16.0,1614.0,62.0,19.0,8.0,28.0,4.0,1.0
1.0,1.0,20.0,16.0,10.0,62.0,6.0,8.0,28.0,4.0,1.0
1.0,1.0,20.0,16.0,10.0,62.0,6.0,8.0,28.0,4.0,1.0
2.0,1.0,20.0,16.0,10.0,62.0,6.0,8.0,28.0,4.0,1.0
1.0,9.0,37.0,13.0,10.0,8.0,15.0,8.0,17.0,1.0,0.0
2.0,13.0,33.0,13.0,10.0,908.0,121.0,8.0,17.0,1.0,0.0
1.0,2.0,11.0,13.0,10.0,6267.0,19.0,8.0,28.0,1.0,0.0
3.0,1.0,40.0,13.0,10.0,90.0,26.0,8.0,5.0,1.0,0.0
3.0,1.0,35.0,13.0,1610.0,62.0,19121.0,8.0,20.0,1.0,0.0
3.0,2.0,26.0,13.0,15.0,910.0,121.0,8.0,6.0,1.0,0.0
3.0,3.0,0.0,16.0,15.0,62.0,121.0,8.0,28.0,1.0,0.0
4.0,2.0,62.0,16.0,16.0,62.0,121.0,8.0,25.0,1.0,0.0
1.0,1.0,82.0,13.0,10.0,8.0,25.0,8.0,17.0,1.0,0.0
4.0,2.0,108.0,13.0,10.0,8.0,25.0,8.0,17.0,1.0,0.0
1.0,1.0,33.0,13.0,10.0,8.0,22.0,8.0,17.0,3.0,0.0
3.0,1.0,39.0,4.0,10.0,91.0,117.0,8.0,17.0,1.0,0.0
0.0,1.0,61.0,4.0,1617.0,3.0,117.0,7.0,27.0,1.0,0.0
3.0,1.0,38.0,4.0,1617.0,91.0,117.0,7.0,27.0,1.0,0.0
2.0,2.0,10.0,4.0,1617.0,91.0,19.0,7.0,28.0,1.0,0.0
1.0,1.0,33.6,4.0,1617.0,910.0,117.0,7.0,28.0,1.0,0.0
1.0,2.0,6.0,4.0,919.0,910.0,19.0,7.0,28.0,4.0,0.0
4.0,1.0,35.0,4.0,16.0,62.0,121.0,7.0,28.0,4.0,0.0
1.0,2.0,11.0,16.0,10.0,62.0,121.0,7.0,28.0,3.0,1.0
1.0,2.0,9.8,16.0,919.0,67.0,121.0,7.0,28.0,4.0,1.0
1.0,2.0,13.0,16.0,23.0,67.0,121.0,7.0,28.0,3.0,0.0
1.0,2.0,2.0,3.0,23.0,3.0,121.0,7.0,28.0,3.0,1.0
0.0,2.0,3.0,16.0,0.0,62.0,121.0,7.0,28.0,4.0,1.0
1.0,1.0,1.0,16.0,23.0,65.0,121.0,7.0,28.0,3.0,1.0
1.0,2.0,43.0,16.0,919.0,62.0,121.0,5.0,10.0,4.0,0.0
4.0,2.0,35.0,16.0,23.0,65.0,121.0,7.0,34.0,3.0,0.0
4.0,1.0,38.0,16.0,37.0,65.0,121.0,7.0,35.0,3.0,0.0
1.0,8.0,17.0,3.0,10.0,3.0,121.0,7.0,27.0,3.0,0.0
2.0,1.0,73.6,16.0,34.0,65.0,25.0,7.0,17.0,3.0,0.0
2.0,3.0,12.0,16.0,23.0,62.0,121.0,7.0,28.0,3.0,1.0
2.0,1.0,16.0,16.0,1623.0,62.0,6.0,7.0,28.0,4.0,1.0
2.0,1.0,5.0,16.0,16.0,62.0,6.0,7.0,28.0,4.0,1.0
2.0,1.0,12.0,16.0,16.0,62.0,6.0,7.0,28.0,4.0,1.0
1.0,1.0,12.0,16.0,1629.0,62.0,6.0,7.0,28.0,4.0,1.0
3.0,1.0,7.0,16.0,1614.0,62.0,19.0,8.0,28.0,4.0,1.0
2.0,1.0,3.0,16.0,1623.0,62.0,6.0,8.0,28.0,4.0,1.0
2.0,1.0,21.0,16.0,10.0,62.0,6.0,8.0,28.0,4.0,1.0
2.0,1.0,20.0,16.0,10.0,62.0,6.0,8.0,28.0,4.0,1.0
4.0,2.0,118.0,16.0,9.0,65.0,25.0,12.0,28.0,3.0,0.0
4.0,2.0,33.0,16.0,14.0,65.0,121.0,12.0,28.0,1.0,0.0
4.0,2.0,33.0,16.0,9.0,67.0,121.0,12.0,28.0,3.0,0.0
4.0,2.0,15.0,16.0,10.0,62.0,121.0,0.0,17.0,3.0,0.0
2.0,3.0,12.0,16.0,10.0,62.0,25.0,0.0,17.0,4.0,0.0
2.0,1.0,21.0,16.0,10.0,65.0,10.0,13.0,28.0,4.0,0.0
2.0,3.0,0.0,16.0,0.0,62.0,121.0,0.0,28.0,1.0,0.0
4.0,1.0,32.0,16.0,37.0,65.0,27.0,0.0,28.0,3.0,0.0
4.0,1.0,48.0,16.0,9.0,67.0,19.0,12.0,28.0,5.0,0.0
2.0,3.0,5.0,4.0,23.0,62.0,121.0,13.0,28.0,4.0,0.0
4.0,1.0,48.0,16.0,0.0,65.0,121.0,7.0,28.0,3.0,0.0
1.0,1.0,4.0,13.0,10.0,3.0,0.0,7.0,17.0,1.0,1.0
4.0,2.0,30.0,16.0,0.0,62.0,121.0,7.0,28.0,3.0,0.0
0.0,1.0,32.0,16.0,0.0,65.0,19.0,12.0,28.0,1.0,0.0
1.0,1.0,30.0,16.0,0.0,62.0,19.0,7.0,28.0,5.0,0.0
1.0,2.0,4.0,16.0,23.0,62.0,121.0,8.0,28.0,4.0,0.0
4.0,1.0,34.0,16.0,0.0,62.0,117121.0,8.0,28.0,3.0,0.0
4.0,1.0,48.0,16.0,0.0,62.0,121.0,7.0,28.0,3.0,0.0
4.0,1.0,51.0,16.0,23.0,62.0,121.0,7.0,28.0,3.0,0.0
2.0,1.0,31.0,16.0,23.0,62.0,19.0,7.0,17.0,1.0,1.0
1.0,1.0,87.0,16.0,9.0,62.0,121.0,14.0,27.0,3.0,0.0
0.0,1.0,46.0,16.0,16.0,62.0,19.0,7.0,28.0,3.0,0.0
1.0,1.0,10.0,16.0,23.0,62.0,19.0,7.0,28.0,4.0,0.0
2.0,1.0,33.0,16.0,16.0,65.0,117.0,7.0,28.0,5.0,1.0
3.0,2.0,44.0,16.0,23.0,6762.0,19.0,7.0,28.0,4.0,0.0
4.0,1.0,44.0,16.0,15.0,65.0,117.0,7.0,28.0,1.0,0.0
4.0,1.0,3.0,4.0,915.0,91.0,121.0,7.0,5.0,1.0,0.0
1.0,2.0,74.0,16.0,23.0,62.0,19.0,7.0,28.0,3.0,0.0
2.0,2.0,88.0,16.0,27.0,62.0,6.0,7.0,28.0,5.0,0.0
1.0,1.0,108.0,16.0,23.0,62.0,6.0,7.0,28.0,4.0,1.0
2.0,1.0,34.0,16.0,1627.0,62.0,6.0,7.0,28.0,4.0,1.0
2.0,1.0,102.0,16.0,23.0,62.0,117121.0,7.0,28.0,4.0,0.0
0.0,1.0,41.0,16.0,16.0,65.0,6.0,7.0,28.0,3.0,0.0
2.0,1.0,93.0,16.0,23.0,65.0,121.0,7.0,28.0,4.0,0.0
2.0,1.0,19.0,16.0,23.0,65.0,6.0,7.0,28.0,3.0,0.0
2.0,2.0,18.0,16.0,23.0,65.0,121.0,7.0,28.0,4.0,0.0
4.0,2.0,33.0,16.0,23.0,67.0,117.0,7.0,28.0,3.0,0.0
3.0,2.0,33.0,16.0,16100.0,65.0,117.0,7.0,28.0,3.0,0.0
1.0,1.0,41.0,16.0,160.0,62.0,19.0,7.0,28.0,5.0,0.0
3.0,1.0,34.0,16.0,160.0,62.0,19.0,7.0,28.0,5.0,1.0
3.0,3.0,29.0,16.0,10.0,62.0,121.0,7.0,28.0,5.0,0.0
3.0,1.0,31.0,16.0,160.0,62.0,6.0,7.0,28.0,5.0,1.0
3.0,1.0,31.0,16.0,16.0,62.0,19.0,7.0,28.0,3.0,1.0
4.0,1.0,34.0,16.0,16.0,62.0,19.0,7.0,28.0,3.0,1.0
3.0,1.0,33.0,16.0,16.0,62.0,19.0,7.0,28.0,3.0,1.0
2.0,2.0,12.0,16.0,1623.0,67.0,6.0,7.0,28.0,4.0,1.0
0.0,1.0,16.0,16.0,10.0,62.0,6.0,7.0,28.0,5.0,1.0
0.0,1.0,15.0,16.0,10.0,62.0,6.0,7.0,28.0,5.0,1.0
3.0,1.0,29.0,16.0,1614.0,62.0,19.0,7.0,28.0,4.0,1.0
3.0,2.0,45.0,16.0,1623.0,62.0,19.0,7.0,28.0,4.0,1.0
3.0,2.0,32.0,16.0,10.0,62.0,19.0,7.0,28.0,3.0,1.0
2.0,2.0,39.0,16.0,1623.0,62.0,19.0,7.0,28.0,4.0,1.0
2.0,2.0,18.0,16.0,0.0,65.0,6.0,12.0,27.0,5.0,0.0
4.0,1.0,54.0,16.0,16.0,3.0,19.0,7.0,28.0,5.0,0.0
4.0,2.0,31.0,16.0,14.0,3.0,121.0,7.0,27.0,3.0,0.0
4.0,2.0,34.0,16.0,16.0,65.0,14.0,7.0,27.0,3.0,0.0
4.0,1.0,40.0,16.0,16.0,3.0,94.0,7.0,21.0,3.0,0.0
2.0,1.0,6.0,16.0,0.0,6762.0,117.0,7.0,28.0,4.0,0.0
4.0,1.0,47.0,16.0,16.0,65.0,10.0,7.0,28.0,5.0,0.0
4.0,2.0,35.0,16.0,27.0,67.0,121.0,7.0,28.0,5.0,0.0
4.0,2.0,34.0,16.0,27.0,65.0,121.0,7.0,28.0,4.0,0.0
4.0,2.0,53.0,16.0,16.0,3.0,19.0,7.0,27.0,3.0,0.0
4.0,1.0,54.0,16.0,16.0,62.0,6.0,7.0,25.0,3.0,0.0
4.0,1.0,52.0,16.0,1614.0,65.0,19.0,7.0,28.0,3.0,1.0
4.0,1.0,63.0,16.0,37.0,65.0,19.0,7.0,17.0,3.0,0.0
2.0,1.0,16.0,16.0,23.0,62.0,121.0,0.0,28.0,4.0,0.0
4.0,2.0,35.0,16.0,37.0,65.0,121.0,7.0,28.0,3.0,0.0
4.0,2.0,34.0,16.0,14.0,62.0,6.0,7.0,28.0,4.0,0.0
4.0,1.0,34.0,16.0,23.0,65.0,19121.0,7.0,28.0,3.0,0.0
4.0,2.0,32.0,16.0,0.0,62.0,6.0,7.0,28.0,3.0,0.0
3.0,2.0,8.0,16.0,23.0,65.0,121.0,0.0,28.0,4.0,0.0
4.0,1.0,19.0,4.0,15.0,91.0,121.0,7.0,6.0,1.0,1.0
2.0,2.0,19.0,16.0,0.0,65.0,28.0,8.0,28.0,5.0,0.0
4.0,1.0,51.0,16.0,2.0,62.0,121.0,12.0,28.0,1.0,0.0
4.0,1.0,51.0,16.0,2.0,65.0,121.0,12.0,28.0,1.0,0.0
4.0,1.0,63.0,16.0,2.0,65.0,121.0,12.0,28.0,1.0,0.0
1.0,1.0,63.0,16.0,14.0,65.0,121.0,1.0,28.0,4.0,0.0
3.0,1.0,63.0,16.0,2.0,62.0,121.0,15.0,28.0,1.0,0.0
4.0,1.0,41.0,16.0,10.0,65.0,121.0,0.0,28.0,3.0,0.0
4.0,1.0,41.0,16.0,16.0,3.0,10.0,7.0,28.0,5.0,0.0
4.0,1.0,33.0,16.0,19.0,65.0,19.0,7.0,28.0,5.0,1.0
4.0,1.0,45.0,16.0,16.0,3.0,121.0,7.0,28.0,3.0,0.0
4.0,1.0,51.0,16.0,16.0,65.0,19.0,7.0,28.0,5.0,1.0
4.0,2.0,42.0,16.0,10.0,3.0,19.0,7.0,28.0,5.0,1.0
3.0,2.0,53.0,16.0,17.0,65.0,121.0,7.0,28.0,4.0,0.0
4.0,1.0,54.0,16.0,17.0,65.0,121.0,7.0,28.0,5.0,0.0
4.0,1.0,53.0,16.0,0.0,65.0,117.0,7.0,28.0,5.0,1.0
4.0,1.0,53.0,16.0,16.0,65.0,10.0,7.0,28.0,5.0,0.0
4.0,1.0,50.0,16.0,1614.0,65.0,19.0,7.0,28.0,5.0,1.0
4.0,1.0,36.0,16.0,0.0,3.0,10.0,8.0,28.0,5.0,0.0
4.0,1.0,31.0,16.0,10.0,3.0,10.0,7.0,28.0,5.0,0.0
4.0,1.0,45.0,16.0,1610.0,3.0,19.0,7.0,28.0,3.0,0.0
4.0,2.0,42.0,16.0,17.0,65.0,121.0,7.0,27.0,5.0,0.0
4.0,1.0,44.0,16.0,1615.0,910.0,121.0,7.0,23.0,1.0,1.0
1.0,1.0,32.0,4.0,15.0,3.0,121.0,7.0,27.0,0.0,1.0
1.0,1.0,32.0,4.0,1615.0,910.0,121.0,7.0,6.0,1.0,1.0
3.0,1.0,83.0,4.0,2.0,91.0,117.0,7.0,7.0,1.0,1.0
4.0,1.0,54.0,16.0,10.0,65.0,121.0,7.0,27.0,5.0,0.0
4.0,1.0,49.0,16.0,17.0,65.0,19.0,7.0,28.0,5.0,0.0
4.0,1.0,53.0,16.0,28.0,65.0,121.0,7.0,27.0,5.0,0.0
4.0,1.0,53.0,16.0,16.0,65.0,19.0,7.0,28.0,5.0,0.0
4.0,1.0,50.0,16.0,16.0,65.0,19.0,7.0,28.0,5.0,0.0
4.0,2.0,15.0,16.0,10.0,65.0,121.0,7.0,28.0,4.0,0.0
4.0,1.0,55.0,16.0,0.0,65.0,19.0,8.0,27.0,5.0,0.0
4.0,1.0,55.0,16.0,28.0,65.0,19.0,7.0,28.0,5.0,0.0
4.0,1.0,53.0,16.0,16.0,65.0,10.0,7.0,28.0,5.0,0.0
4.0,1.0,53.0,16.0,23.0,65.0,94.0,7.0,21.0,3.0,0.0
4.0,2.0,41.0,3.0,33.0,65.0,94.0,12.0,28.0,3.0,0.0
4.0,1.0,54.0,16.0,16.0,62.0,6.0,7.0,25.0,5.0,0.0
4.0,1.0,40.0,3.0,16.0,3.0,19.0,7.0,25.0,3.0,1.0
4.0,1.0,38.0,3.0,14.0,3.0,19.0,7.0,21.0,3.0,0.0
4.0,2.0,56.0,3.0,23.0,62.0,117.0,7.0,28.0,4.0,0.0
4.0,1.0,53.0,16.0,10.0,3.0,13.0,7.0,27.0,4.0,0.0
4.0,1.0,54.0,16.0,16.0,3.0,121.0,7.0,27.0,3.0,1.0
4.0,0.0,54.0,16.0,16.0,65.0,6.0,7.0,27.0,3.0,0.0
4.0,1.0,25.0,16.0,14.0,3.0,117.0,7.0,27.0,4.0,0.0
4.0,1.0,44.0,3.0,30.0,3.0,20.0,12.0,27.0,5.0,0.0
3.0,1.0,38.0,3.0,10.0,9104.0,121.0,7.0,23.0,1.0,0.0
3.0,1.0,5.0,4.0,37.0,91.0,121.0,7.0,2.0,1.0,1.0
0.0,1.0,5.0,3.0,212.0,3.0,121.0,7.0,27.0,1.0,1.0
3.0,1.0,28.0,3.0,15.0,910.0,117.0,7.0,6.0,1.0,1.0
2.0,1.0,42.0,3.0,15.0,910.0,121.0,7.0,6.0,1.0,1.0
4.0,1.0,44.0,3.0,1615.0,910.0,121.0,7.0,6.0,1.0,1.0
4.0,1.0,32.0,3.0,15.0,910.0,121.0,7.0,6.0,1.0,1.0
4.0,2.0,28.0,16.0,23.0,67.0,121.0,0.0,28.0,4.0,0.0
3.0,2.0,18.0,16.0,23.0,62.0,121.0,12.0,28.0,4.0,0.0
4.0,1.0,58.0,16.0,16.0,62.0,19.0,7.0,28.0,3.0,0.0
4.0,1.0,60.0,16.0,18.0,62.0,121.0,7.0,17.0,3.0,0.0
4.0,1.0,60.0,16.0,10.0,65.0,19.0,7.0,17.0,3.0,0.0
3.0,2.0,19.0,16.0,9.0,62.0,121.0,13.0,28.0,4.0,0.0
3.0,2.0,23.0,16.0,23.0,62.0,117.0,13.0,28.0,4.0,0.0
4.0,2.0,26.0,16.0,23.0,62.0,121.0,0.0,28.0,1.0,0.0
3.0,2.0,21.0,16.0,9.0,65.0,117.0,13.0,28.0,4.0,0.0
3.0,3.0,58.0,16.0,19.0,65.0,117.0,14.0,28.0,4.0,0.0
3.0,2.0,16.0,16.0,23.0,62.0,117.0,0.0,28.0,4.0,0.0
2.0,2.0,2.0,16.0,9.0,62.0,121.0,0.0,28.0,1.0,0.0
4.0,1.0,41.0,16.0,1610.0,65.0,121.0,0.0,21.0,3.0,0.0
4.0,1.0,55.0,16.0,10.0,8.0,6.0,7.0,28.0,3.0,0.0
4.0,1.0,47.0,3.0,10.0,65.0,121.0,8.0,27.0,3.0,0.0
4.0,1.0,22.0,3.0,23.0,62.0,10.0,0.0,28.0,4.0,1.0
4.0,2.0,38.0,16.0,23.0,65.0,121.0,7.0,28.0,4.0,1.0
2.0,3.0,2.0,16.0,914.0,62.0,117.0,0.0,28.0,1.0,0.0
4.0,2.0,15.0,16.0,23.0,65.0,121.0,0.0,28.0,4.0,0.0
4.0,1.0,78.0,16.0,10.0,65.0,121.0,7.0,17.0,4.0,0.0
4.0,1.0,25.0,16.0,0.0,65.0,19.0,13.0,28.0,3.0,0.0
4.0,1.0,38.0,16.0,1610.0,65.0,19.0,13.0,17.0,3.0,0.0
4.0,1.0,62.0,16.0,37.0,62.0,121.0,7.0,28.0,3.0,0.0
4.0,3.0,15.0,16.0,14.0,65.0,121.0,13.0,28.0,4.0,0.0
2.0,2.0,2.0,16.0,23.0,62.0,121.0,7.0,28.0,4.0,0.0
3.0,1.0,64.0,16.0,0.0,62.0,121.0,7.0,28.0,4.0,0.0
3.0,3.0,14.0,16.0,19.0,62.0,117.0,7.0,28.0,4.0,0.0
4.0,1.0,68.0,16.0,37.0,62.0,19.0,7.0,28.0,3.0,0.0
1.0,5.0,6.0,16.0,10.0,62.0,121.0,7.0,1.0,1.0,0.0
4.0,1.0,70.0,16.0,37.0,3.0,121.0,7.0,27.0,3.0,0.0
3.0,2.0,20.0,16.0,23.0,62.0,121.0,12.0,28.0,4.0,0.0
4.0,2.0,35.0,16.0,37.0,3.0,121.0,12.0,27.0,3.0,0.0
4.0,2.0,38.0,16.0,37.0,3.0,25.0,12.0,28.0,3.0,0.0
4.0,0.0,36.0,3.0,37.0,3.0,25.0,12.0,27.0,3.0,0.0
3.0,2.0,21.0,16.0,23.0,62.0,6.0,13.0,28.0,4.0,0.0
4.0,2.0,65.0,16.0,100.0,62.0,121.0,7.0,28.0,3.0,0.0
2.0,1.0,20.0,16.0,5.0,62.0,121.0,0.0,28.0,4.0,0.0
3.0,1.0,2.0,16.0,15.0,90.0,117.0,0.0,3.0,1.0,0.0
4.0,1.0,34.0,16.0,15.0,90.0,117.0,0.0,7.0,1.0,0.0
4.0,2.0,2.0,16.0,9.0,62.0,117.0,0.0,28.0,4.0,0.0
2.0,2.0,13.8,16.0,19.0,62.0,117.0,0.0,28.0,4.0,0.0
4.0,2.0,14.0,16.0,23.0,62.0,117.0,7.0,28.0,4.0,0.0
4.0,1.0,52.0,16.0,16.0,65.0,121.0,7.0,28.0,5.0,0.0
3.0,1.0,44.0,16.0,16.0,62.0,121.0,7.0,28.0,4.0,1.0
3.0,2.0,28.0,16.0,1023.0,62.0,121.0,7.0,28.0,4.0,1.0
2.0,1.0,43.0,16.0,16.0,65.0,6.0,7.0,28.0,5.0,1.0
4.0,1.0,52.0,16.0,1623.0,65.0,6.0,7.0,28.0,4.0,1.0
1.0,1.0,33.0,16.0,9.0,65.0,6.0,7.0,28.0,5.0,0.0
3.0,2.0,28.0,16.0,1023.0,62.0,121.0,7.0,28.0,4.0,1.0
1.0,1.0,3.0,16.0,1023.0,65.0,121.0,7.0,28.0,4.0,1.0
3.0,1.0,42.0,16.0,169.0,65.0,121.0,7.0,28.0,4.0,1.0
3.0,2.0,41.0,16.0,1623.0,65.0,121.0,7.0,28.0,4.0,1.0
4.0,1.0,52.0,16.0,1614.0,62.0,19.0,7.0,28.0,0.0,1.0
1.0,1.0,0.0,16.0,23.0,62.0,6.0,7.0,28.0,4.0,0.0
1.0,2.0,14.0,16.0,23.0,62.0,19.0,7.0,28.0,4.0,0.0
1.0,1.5,12.0,9.0,14.0,62.0,6.0,8.0,28.0,4.0,1.0
1.0,1.0,4.0,9.0,14.0,62.0,6.0,8.0,28.0,4.0,1.0
1.0,1.0,14.0,16.0,0.0,62.0,121.0,7.0,28.0,5.0,0.0
2.0,1.0,12.0,16.0,14.0,62.0,19.0,8.0,28.0,4.0,0.0
1.0,1.0,25.0,16.0,0.0,65.0,6.0,8.0,28.0,5.0,1.0
0.0,1.0,39.0,16.0,0.0,62.0,121.0,8.0,28.0,5.0,0.0
1.0,1.0,38.0,16.0,194.0,62.0,121.0,7.0,28.0,5.0,1.0
1.0,1.0,12.0,16.0,23.0,62.0,117.0,7.0,28.0,1.0,0.0
1.0,1.0,10.0,16.0,16.0,65.0,19.0,7.0,28.0,4.0,1.0
2.0,1.0,40.0,16.0,16.0,65.0,121.0,7.0,28.0,4.0,1.0
1.0,1.0,11.0,16.0,23.0,65.0,6.0,8.0,28.0,4.0,0.0
1.0,1.0,1.0,16.0,9.0,62.0,6.0,7.0,28.0,4.0,1.0
1.0,1.0,2.0,16.0,23.0,65.0,6.0,7.0,28.0,4.0,0.0
2.0,1.0,8.0,16.0,14.0,65.0,19.0,8.0,28.0,5.0,0.0
2.0,1.0,41.0,16.0,16.0,62.0,121.0,8.0,28.0,5.0,0.0
3.0,1.0,18.0,16.0,23.0,62.0,6.0,7.0,28.0,4.0,0.0
3.0,1.0,20.0,16.0,23.0,62.0,19.0,7.0,28.0,4.0,1.0
4.0,1.0,48.0,16.0,0.0,62.0,121.0,8.0,28.0,5.0,0.0
1.0,1.0,21.0,16.0,90.0,62.0,117.0,8.0,28.0,0.0,0.0
2.0,1.0,23.0,16.0,23.0,62.0,19.0,7.0,28.0,4.0,0.0
3.0,1.0,21.0,16.0,14.0,62.0,6.0,8.0,28.0,4.0,1.0
1.0,1.0,20.0,16.0,23.0,62.0,19.0,7.0,28.0,4.0,1.0
1.0,1.0,37.0,16.0,10.0,62.0,19.0,7.0,17.0,4.0,0.0
1.0,1.0,39.0,16.0,10.0,62.0,121.0,7.0,17.0,4.0,1.0
2.0,1.0,40.0,16.0,16.0,62.0,19.0,7.0,28.0,5.0,0.0
1.0,3.0,9.0,16.0,9.0,62.0,121.0,7.0,28.0,0.0,0.0
2.0,1.0,10.0,16.0,9.0,62.0,6.0,7.0,28.0,4.0,1.0
2.0,2.0,16.0,16.0,1623.0,62.0,6.0,7.0,28.0,4.0,1.0
2.0,1.0,35.0,16.0,14.0,62.0,117.0,0.0,28.0,4.0,1.0
1.0,2.0,34.0,16.0,9.0,65.0,121.0,0.0,28.0,4.0,0.0
1.0,1.0,1.0,16.0,9.0,65.0,121.0,7.0,28.0,4.0,0.0
1.0,1.0,2.0,16.0,23.0,62.0,19.0,3.0,28.0,4.0,0.0
0.0,1.0,11.0,16.0,9.0,62.0,121.0,8.0,28.0,4.0,0.0
2.0,3.0,17.0,16.0,23.0,62.0,121.0,7.0,28.0,5.0,1.0
1.0,2.0,20.0,16.0,10.0,62.0,6.0,8.0,28.0,4.0,1.0
3.0,2.0,37.0,16.0,160.0,62.0,19.0,7.0,28.0,5.0,1.0
1.0,1.0,32.0,16.0,10.0,62.0,6.0,7.0,28.0,3.0,1.0
2.0,2.0,26.0,16.0,23.0,62.0,121.0,7.0,28.0,4.0,1.0
2.0,1.0,37.0,16.0,144.0,62.0,6.0,7.0,28.0,4.0,1.0
2.0,1.0,23.0,16.0,23.0,65.0,19.0,7.0,28.0,3.0,1.0
1.0,1.0,18.0,16.0,17.0,65.0,6.0,7.0,28.0,4.0,1.0
1.0,1.0,21.0,16.0,10.0,62.0,6.0,8.0,28.0,4.0,1.0
1.0,1.0,0.0,16.0,9.0,65.0,121.0,7.0,28.0,5.0,1.0
3.0,2.0,35.0,16.0,14.0,62.0,6.0,8.0,28.0,5.0,1.0
1.0,1.0,17.0,16.0,10.0,65.0,6.0,7.0,28.0,3.0,1.0
1.0,1.0,26.0,16.0,16.0,62.0,6.0,8.0,28.0,4.0,1.0
2.0,1.0,20.0,16.0,17.0,65.0,19.0,7.0,28.0,4.0,1.0
0.0,1.0,3.0,16.0,9.0,62.0,121.0,8.0,28.0,4.0,1.0
2.0,1.0,26.0,16.0,16.0,62.0,6.0,8.0,28.0,3.0,1.0
2.0,1.0,16.0,16.0,10.0,62.0,19.0,8.0,28.0,4.0,1.0
2.0,1.0,31.0,16.0,9.0,62.0,6.0,8.0,28.0,3.0,1.0
1.0,1.0,20.0,16.0,23.0,62.0,6.0,8.0,28.0,4.0,1.0
2.0,2.0,19.0,16.0,10.0,62.0,6.0,8.0,28.0,4.0,1.0
1.0,1.0,30.0,16.0,23.0,62.0,6.0,8.0,28.0,4.0,1.0
0.0,1.0,21.0,16.0,23.0,65.0,117.0,7.0,28.0,4.0,1.0
3.0,2.0,30.0,16.0,1004.0,62.0,6.0,8.0,28.0,4.0,1.0
0.0,1.5,1.0,16.0,164.0,62.0,6.0,8.0,28.0,4.0,1.0
1.0,1.0,4.0,16.0,9.0,62.0,121.0,7.0,28.0,4.0,0.0
1.0,2.0,22.0,16.0,10.0,62.0,6.0,8.0,28.0,4.0,1.0
1.0,1.0,31.0,16.0,16.0,62.0,121.0,8.0,28.0,4.0,0.0
1.0,3.0,17.0,16.0,23.0,65.0,6.0,7.0,28.0,4.0,1.0
2.0,2.0,28.0,16.0,1427.0,62.0,6.0,7.0,28.0,4.0,1.0
1.0,1.0,33.0,16.0,1910.0,62.0,6.0,8.0,28.0,1.0,0.0
2.0,2.0,33.0,16.0,2721.0,65.0,6.0,7.0,28.0,4.0,1.0
0.0,1.0,33.0,16.0,23.0,62.0,121.0,8.0,28.0,4.0,0.0
0.0,2.0,31.0,16.0,923.0,62.0,6.0,7.0,28.0,3.0,1.0
1.0,1.0,31.0,16.0,1623.0,65.0,121.0,7.0,28.0,4.0,1.0
2.0,2.0,21.0,16.0,23.0,62.0,121.0,7.0,28.0,4.0,1.0
2.0,1.0,33.0,16.0,19.0,62.0,6.0,8.0,28.0,3.0,0.0
1.0,1.0,0.0,16.0,9.0,65.0,121.0,7.0,28.0,4.0,1.0
2.0,1.0,28.0,16.0,169.0,65.0,6.0,7.0,28.0,4.0,1.0
1.0,1.0,31.0,16.0,23.0,62.0,121.0,7.0,28.0,4.0,1.0
1.0,1.0,8.0,16.0,6.0,62.0,6.0,8.0,28.0,3.0,1.0
1.0,1.0,32.0,16.0,10.0,65.0,121.0,7.0,28.0,2.0,1.0
3.0,2.0,27.0,16.0,1614.0,62.0,6.0,8.0,28.0,4.0,1.0
1.0,2.0,33.0,16.0,1623.0,65.0,6121.0,7.0,28.0,4.0,0.0
1.0,1.0,21.0,16.0,16.0,62.0,6.0,7.0,28.0,4.0,1.0
1.0,1.0,31.0,16.0,27.0,65.0,19.0,7.0,28.0,4.0,1.0
1.0,2.0,22.0,16.0,10.0,62.0,6.0,8.0,28.0,4.0,1.0
2.0,2.0,24.0,16.0,10.0,62.0,117.0,8.0,28.0,4.0,1.0
1.0,1.0,21.0,16.0,1623.0,62.0,6.0,7.0,28.0,4.0,1.0
2.0,1.0,19.0,16.0,1623.0,65.0,6.0,7.0,28.0,4.0,1.0
3.0,2.0,37.0,16.0,10.0,62.0,19.0,8.0,28.0,3.0,1.0
3.0,2.0,19.0,16.0,23.0,62.0,6.0,8.0,28.0,4.0,1.0
3.0,2.0,36.0,16.0,9.0,62.0,19.0,8.0,28.0,4.0,1.0
2.0,2.0,36.0,16.0,10.0,62.0,6.0,8.0,28.0,4.0,1.0
3.0,1.0,34.0,16.0,27.0,62.0,6.0,8.0,28.0,5.0,0.0
1.0,2.0,34.0,16.0,9.0,62.0,6.0,8.0,28.0,4.0,1.0
2.0,2.0,19.0,16.0,1023.0,62.0,121.0,8.0,28.0,4.0,1.0
1.0,1.0,35.0,16.0,27.0,62.0,121.0,8.0,28.0,5.0,0.0
4.0,2.0,32.0,16.0,14.0,62.0,121.0,8.0,28.0,4.0,1.0
3.0,2.0,36.0,16.0,19.0,62.0,19.0,8.0,28.0,3.0,0.0
3.0,2.0,35.0,16.0,160.0,62.0,6.0,8.0,28.0,4.0,0.0
3.0,2.0,34.0,16.0,10.0,62.0,19.0,8.0,28.0,5.0,0.0
2.0,1.0,30.0,16.0,10.0,65.0,117.0,8.0,28.0,3.0,0.0
2.0,1.0,30.0,16.0,16.0,62.0,121.0,8.0,28.0,4.0,1.0
1.0,1.0,11.0,16.0,23.0,62.0,6.0,7.0,28.0,4.0,0.0
4.0,1.0,32.0,16.0,0.0,65.0,25.0,9.0,28.0,3.0,0.0
0.0,1.0,79.0,16.0,9.0,65.0,121.0,7.0,28.0,3.0,0.0
0.0,1.0,58.0,16.0,233.0,62.0,19.0,7.0,28.0,4.0,0.0
2.0,2.0,68.0,16.0,0.0,62.0,19.0,7.0,17.0,5.0,0.0
1.0,1.0,118.0,16.0,0.0,62.0,19.0,7.0,28.0,3.0,0.0
1.0,1.0,118.0,16.0,0.0,62.0,121.0,7.0,28.0,3.0,1.0
0.0,1.0,0.0,16.0,0.0,65.0,121.0,10.0,28.0,1.0,0.0
0.0,1.0,68.0,16.0,23.0,65.0,6.0,10.0,28.0,5.0,0.0
4.0,1.0,40.0,16.0,15.0,90.0,117.0,10.0,7.0,1.0,0.0
1.0,1.0,78.0,16.0,23.0,62.0,19.0,7.0,28.0,3.0,0.0
2.0,1.0,30.0,16.0,23.0,62.0,19.0,7.0,28.0,4.0,0.0
2.0,1.0,41.0,16.0,16.0,62.0,19.0,7.0,17.0,4.0,1.0
4.0,2.0,118.0,16.0,28.0,65.0,19.0,7.0,17.0,4.0,0.0
1.0,1.0,68.0,16.0,162327.0,65.0,19.0,7.0,28.0,5.0,0.0
2.0,1.0,118.0,16.0,16.0,65.0,121.0,7.0,28.0,5.0,1.0
2.0,1.0,118.0,16.0,0.0,62.0,121.0,7.0,28.0,3.0,0.0
2.0,1.0,21.0,16.0,10.0,62.0,19.0,7.0,28.0,4.0,0.0
2.0,1.0,118.0,16.0,160.0,65.0,19.0,7.0,28.0,1.0,0.0
1.0,1.0,118.0,16.0,0.0,62.0,121.0,7.0,28.0,1.0,0.0
1.0,1.0,55.0,16.0,23.0,65.0,121.0,7.0,28.0,3.0,0.0
2.0,1.0,82.0,16.0,23.0,62.0,19.0,7.0,28.0,4.0,0.0
2.0,1.0,88.0,16.0,37.0,65.0,19.0,7.0,28.0,3.0,0.0
2.0,1.0,63.0,16.0,16.0,67.0,19.0,7.0,28.0,4.0,0.0
2.0,1.0,65.0,16.0,23.0,65.0,4.0,7.0,21.0,4.0,1.0
2.0,1.0,78.0,16.0,16.0,65.0,19.0,7.0,28.0,4.0,0.0
2.0,1.0,69.0,16.0,16.0,62.0,19.0,7.0,28.0,4.0,0.0
3.0,1.0,83.0,16.0,23.0,62.0,121.0,7.0,28.0,3.0,0.0
0.0,1.0,94.0,16.0,14.0,65.0,19.0,7.0,28.0,3.0,0.0
1.0,2.0,81.0,16.0,2.0,65.0,19121.0,7.0,28.0,0.0,0.0
1.0,1.0,103.0,16.0,23.0,65.0,19.0,7.0,28.0,3.0,0.0
1.0,1.0,87.0,16.0,9.0,65.0,19.0,7.0,28.0,3.0,0.0
2.0,1.0,82.0,16.0,9.0,65.0,19.0,7.0,28.0,3.0,0.0
1.0,2.0,1.0,16.0,19.0,65.0,117.0,7.0,28.0,4.0,0.0
2.0,1.0,82.0,16.0,9.0,62.0,19.0,7.0,28.0,1.0,0.0
0.0,1.0,68.0,16.0,9.0,65.0,6.0,7.0,28.0,4.0,0.0
1.0,1.0,30.0,16.0,37.0,3.0,6.0,7.0,27.0,3.0,0.0
1.0,1.0,82.0,16.0,27.0,65.0,19.0,7.0,28.0,3.0,0.0
2.0,1.0,80.0,16.0,27.0,65.0,19.0,7.0,28.0,3.0,0.0
2.0,1.0,82.0,16.0,23.0,62.0,19.0,7.0,28.0,3.0,0.0
2.0,1.0,78.0,16.0,2.0,62.0,19.0,7.0,28.0,4.0,0.0
3.0,1.0,82.0,16.0,23.0,62.0,19.0,8.0,27.0,3.0,0.0
2.0,1.0,53.0,16.0,911.0,65.0,19.0,7.0,17.0,3.0,0.0
2.0,1.0,83.0,16.0,1910.0,65.0,19.0,7.0,17.0,4.0,0.0
1.0,1.0,45.0,16.0,2.0,65.0,19.0,7.0,28.0,3.0,1.0
2.0,1.0,92.0,16.0,23.0,62.0,6.0,7.0,28.0,4.0,0.0
1.0,1.0,33.0,16.0,1023.0,62.0,6.0,7.0,17.0,5.0,0.0
0.0,1.0,61.0,16.0,23.0,65.0,6.0,7.0,28.0,4.0,0.0
3.0,1.0,51.8,4.0,15.0,90.0,117121.0,7.0,7.0,3.0,1.0
4.0,1.0,20.2,4.0,16.0,91.0,117.0,7.0,21.0,1.0,1.0
4.0,1.0,33.6,4.0,15.0,90.0,117.0,7.0,7.0,1.0,1.0
3.0,1.0,33.6,4.0,15.0,90.0,117.0,7.0,7.0,1.0,1.0
2.0,1.0,26.8,4.0,35.0,90.0,117.0,7.0,7.0,1.0,1.0
4.0,1.0,32.8,4.0,15.0,90.0,13.0,7.0,7.0,1.0,1.0
4.0,1.0,54.0,16.0,1623.0,3.0,19.0,7.0,27.0,4.0,0.0
3.0,1.0,38.0,16.0,217.0,65.0,121.0,7.0,28.0,1.0,0.0
4.0,1.0,39.0,16.0,10.0,65.0,6.0,7.0,28.0,3.0,0.0
4.0,1.0,8.0,16.0,14.0,65.0,121.0,9.0,28.0,3.0,0.0
2.0,2.0,0.0,16.0,9027.0,65.0,121.0,7.0,28.0,5.0,1.0
4.0,1.0,53.0,16.0,10.0,3.0,19.0,7.0,27.0,5.0,1.0
4.0,1.0,54.0,16.0,160.0,65.0,19.0,7.0,28.0,5.0,1.0
4.0,1.0,45.0,16.0,16.0,65.0,19.0,7.0,27.0,5.0,1.0
4.0,1.5,36.0,16.0,0.0,65.0,19.0,9.0,28.0,5.0,1.0
4.0,1.0,31.0,16.0,27.0,67.0,19.0,13.0,27.0,5.0,1.0
2.0,2.0,21.0,16.0,23.0,65.0,19.0,0.0,28.0,4.0,0.0
4.0,1.0,38.0,16.0,0.0,65.0,121.0,12.0,28.0,3.0,0.0
4.0,1.0,48.0,16.0,23.0,65.0,25.0,7.0,28.0,3.0,0.0
4.0,1.0,63.0,16.0,23.0,65.0,121.0,7.0,28.0,3.0,0.0
4.0,2.0,38.0,3.0,37.0,3.0,25.0,7.0,27.0,3.0,0.0
4.0,1.0,35.0,16.0,23.0,65.0,121.0,7.0,28.0,3.0,0.0
4.0,2.0,35.0,16.0,90.0,62.0,19.0,7.0,28.0,4.0,0.0
3.0,2.0,15.0,16.0,2327.0,65.0,121.0,13.0,28.0,4.0,1.0
2.0,2.0,15.0,16.0,23.0,65.0,121.0,7.0,28.0,4.0,1.0
2.0,2.0,2.0,16.0,919.0,65.0,121.0,7.0,28.0,4.0,0.0
1.0,2.0,9.0,16.0,10.0,62.0,6.0,7.0,28.0,4.0,1.0
1.0,1.5,1.0,16.0,19.0,62.0,19.0,7.0,28.0,4.0,1.0
1.0,2.0,2.0,16.0,16.0,62.0,19.0,7.0,28.0,4.0,1.0
1.0,1.0,7.0,16.0,9.0,62.0,19.0,7.0,28.0,4.0,1.0
1.0,1.0,0.0,16.0,14.0,62.0,117.0,7.0,28.0,5.0,0.0
1.0,1.0,0.0,16.0,1623.0,62.0,6.0,7.0,28.0,4.0,1.0
2.0,1.0,1.0,16.0,1623.0,62.0,6.0,7.0,28.0,3.0,1.0
3.0,2.0,9.0,16.0,9.0,65.0,121.0,7.0,28.0,1.0,1.0
1.0,1.0,12.0,16.0,1614.0,3.0,19.0,7.0,28.0,3.0,1.0
0.0,1.0,11.0,16.0,1614.0,3.0,19.0,7.0,28.0,3.0,1.0
2.0,1.0,11.0,3.0,1623.0,3.0,19.0,7.0,28.0,3.0,1.0
3.0,1.0,31.0,16.0,6.0,62.0,19.0,7.0,28.0,5.0,1.0
2.0,1.0,31.0,16.0,14.0,62.0,19.0,7.0,28.0,5.0,1.0
2.0,1.0,16.0,16.0,1623.0,62.0,19.0,7.0,28.0,4.0,1.0
1.0,1.0,18.0,16.0,10.0,62.0,19.0,7.0,28.0,4.0,1.0
0.0,1.0,2.0,16.0,23.0,62.0,6.0,7.0,28.0,4.0,1.0
1.0,2.0,9.0,16.0,9.0,65.0,19.0,7.0,28.0,5.0,0.0
1.0,2.0,9.0,16.0,23.0,62.0,6.0,7.0,28.0,4.0,0.0
2.0,1.0,3.0,16.0,23.0,62.0,6.0,7.0,28.0,4.0,1.0
2.0,2.0,3.0,16.0,1614.0,65.0,19.0,7.0,28.0,4.0,1.0
2.0,2.0,21.0,3.0,14.0,3.0,121.0,7.0,28.0,3.0,1.0
2.0,1.0,32.0,3.0,0.0,65.0,19.0,7.0,28.0,3.0,1.0
1.0,2.0,11.0,16.0,10.0,62.0,121.0,7.0,28.0,4.0,1.0
1.0,1.0,0.0,16.0,14.0,62.0,117.0,7.0,28.0,4.0,1.0
1.0,1.0,20.0,16.0,16.0,62.0,121.0,7.0,28.0,4.0,1.0
2.0,1.0,9.0,16.0,23.0,62.0,6.0,7.0,28.0,4.0,1.0
4.0,1.0,38.0,16.0,16.0,62.0,6.0,7.0,28.0,3.0,1.0
0.0,1.0,9.0,16.0,23.0,62.0,6.0,7.0,28.0,4.0,1.0
2.0,2.0,1.0,16.0,9.0,62.0,121.0,8.0,28.0,1.0,0.0
3.0,2.0,0.0,16.0,23.0,62.0,121.0,0.0,28.0,4.0,0.0
3.0,2.0,2.0,16.0,23.0,62.0,121.0,0.0,28.0,4.0,0.0
0.0,2.0,14.0,16.0,1927.0,65.0,121.0,7.0,28.0,5.0,1.0
1.0,1.0,3.0,3.0,1623.0,65.0,19.0,7.0,27.0,4.0,1.0
1.0,2.0,1.0,16.0,23.0,65.0,121.0,13.0,28.0,4.0,0.0
2.0,1.0,7.0,16.0,230.0,62.0,121.0,7.0,28.0,4.0,0.0
2.0,2.0,11.0,16.0,0.0,62.0,121.0,7.0,28.0,3.0,0.0
3.0,1.0,2.0,16.0,9.0,65.0,121.0,7.0,28.0,4.0,0.0
2.0,2.0,11.0,16.0,9.0,62.0,121.0,7.0,28.0,1.0,1.0
0.0,1.0,3.0,16.0,23.0,62.0,121.0,7.0,28.0,3.0,1.0
2.0,1.0,3.0,16.0,27.0,62.0,6.0,7.0,28.0,5.0,0.0
2.0,1.0,13.0,16.0,23.0,62.0,19.0,13.0,28.0,4.0,0.0
2.0,1.0,3.0,16.0,23.0,62.0,121.0,3.0,28.0,1.0,0.0
4.0,2.0,34.0,16.0,10.0,62.0,121.0,7.0,28.0,3.0,1.0
4.0,2.0,37.0,16.0,10.0,65.0,19121.0,13.0,28.0,3.0,0.0
2.0,3.0,10.0,16.0,10.0,65.0,121.0,13.0,28.0,3.0,0.0
1.0,1.0,5.0,16.0,23.0,62.0,121.0,7.0,28.0,4.0,1.0
1.0,1.0,1.0,16.0,23.0,62.0,121.0,7.0,28.0,4.0,1.0
1.0,1.0,0.0,16.0,23.0,65.0,121.0,7.0,28.0,4.0,0.0
1.0,1.0,2.0,16.0,160.0,62.0,121.0,7.0,28.0,3.0,1.0
1.0,1.0,15.0,16.0,23.0,62.0,19.0,7.0,28.0,4.0,1.0
0.0,1.0,3.0,16.0,23.0,62.0,121.0,7.0,28.0,4.0,1.0
2.0,2.0,6.0,16.0,0.0,62.0,121.0,7.0,28.0,3.0,1.0
3.0,2.0,1.0,16.0,1614.0,62.0,6.0,8.0,28.0,4.0,1.0
1.0,1.0,2.0,16.0,1623.0,62.0,6.0,8.0,28.0,4.0,1.0
2.0,1.0,1.0,16.0,1623.0,62.0,6.0,8.0,28.0,4.0,1.0
2.0,2.0,2.0,16.0,1614.0,62.0,6.0,7.0,28.0,4.0,1.0
2.0,1.0,1.0,16.0,162327.0,62.0,6.0,8.0,28.0,4.0,1.0
2.0,2.0,1.0,16.0,1614.0,62.0,6.0,8.0,28.0,4.0,1.0
2.0,2.0,1.0,16.0,1623.0,62.0,6.0,8.0,28.0,4.0,1.0
1.0,1.0,1.0,16.0,1614.0,62.0,6.0,8.0,28.0,4.0,1.0
2.0,1.0,5.0,16.0,1623.0,62.0,6.0,8.0,28.0,3.0,1.0
2.0,1.0,5.0,16.0,16.0,62.0,6.0,8.0,28.0,4.0,1.0
2.0,2.0,2.0,16.0,1623.0,62.0,6.0,8.0,28.0,4.0,1.0
2.0,1.0,2.0,16.0,1614.0,62.0,6.0,8.0,28.0,4.0,1.0
1.0,1.0,2.0,16.0,1614.0,62.0,6.0,8.0,28.0,5.0,1.0
3.0,2.0,2.0,16.0,1614.0,62.0,6.0,8.0,28.0,4.0,1.0
2.0,2.0,2.0,16.0,1623.0,62.0,6.0,8.0,28.0,4.0,1.0
1.0,1.0,6.0,16.0,169.0,62.0,6.0,8.0,28.0,4.0,1.0
2.0,1.0,12.0,16.0,23.0,62.0,6.0,7.0,28.0,4.0,0.0
2.0,2.0,8.0,16.0,23.0,62.0,6.0,7.0,28.0,4.0,1.0
1.0,2.0,13.0,16.0,14.0,62.0,19.0,7.0,28.0,4.0,1.0
1.0,1.0,13.0,16.0,23.0,62.0,6.0,7.0,28.0,4.0,0.0
1.0,2.0,13.0,16.0,14.0,62.0,19.0,7.0,28.0,4.0,0.0
2.0,2.0,11.0,16.0,14.0,65.0,19.0,7.0,28.0,4.0,1.0
1.0,2.0,8.0,16.0,23.0,62.0,6.0,7.0,28.0,4.0,1.0
3.0,2.0,10.0,16.0,23.0,62.0,6.0,7.0,28.0,4.0,1.0
1.0,2.0,9.0,16.0,23.0,65.0,6.0,7.0,28.0,4.0,1.0
1.0,1.0,9.0,16.0,1627.0,62.0,6.0,8.0,28.0,4.0,1.0
3.0,1.0,8.0,16.0,1623.0,62.0,6.0,8.0,28.0,4.0,1.0
3.0,1.0,12.0,16.0,16.0,62.0,6.0,8.0,28.0,3.0,1.0
1.0,1.0,13.0,16.0,16.0,62.0,6.0,8.0,28.0,3.0,1.0
2.0,1.0,13.0,16.0,16.0,62.0,6.0,7.0,28.0,3.0,1.0
2.0,1.0,13.0,16.0,16.0,62.0,6.0,8.0,28.0,3.0,1.0
3.0,1.0,13.0,16.0,16.0,62.0,6.0,8.0,28.0,3.0,1.0
3.0,1.0,14.0,16.0,16.0,62.0,6.0,8.0,28.0,4.0,1.0
2.0,1.0,14.0,16.0,1614.0,62.0,6.0,8.0,28.0,4.0,0.0
2.0,1.0,14.0,16.0,1614.0,62.0,6.0,8.0,28.0,4.0,1.0
2.0,1.0,14.0,16.0,1623.0,62.0,6.0,7.0,28.0,3.0,1.0
2.0,1.0,14.0,16.0,1614.0,62.0,6.0,8.0,28.0,4.0,1.0
3.0,1.0,15.0,16.0,16.0,62.0,6.0,8.0,28.0,4.0,1.0
3.0,1.0,15.0,16.0,1614.0,62.0,6.0,8.0,28.0,4.0,1.0
2.0,1.0,15.0,16.0,1614.0,62.0,121.0,8.0,28.0,4.0,1.0
1.0,1.0,0.0,16.0,1623.0,62.0,6.0,7.0,28.0,4.0,1.0
2.0,1.0,0.0,16.0,1623.0,62.0,6.0,7.0,28.0,4.0,1.0
1.0,1.0,0.0,16.0,16.0,62.0,6.0,7.0,28.0,4.0,1.0
1.0,1.0,8.0,16.0,23.0,62.0,6.0,7.0,28.0,4.0,1.0
3.0,1.0,40.0,16.0,10.0,62.0,121.0,7.0,17.0,3.0,0.0
2.0,1.0,2.0,16.0,23.0,62.0,6.0,7.0,28.0,4.0,1.0
3.0,2.0,1.0,16.0,23.0,62.0,6.0,7.0,28.0,4.0,1.0
1.0,1.0,2.0,16.0,23.0,62.0,6.0,7.0,28.0,4.0,1.0
1.0,1.0,2.0,16.0,23.0,62.0,6.0,7.0,28.0,4.0,1.0
3.0,2.0,2.0,16.0,23.0,62.0,6.0,7.0,28.0,4.0,1.0
2.0,2.0,2.0,16.0,23.0,62.0,6.0,7.0,28.0,4.0,1.0
2.0,2.0,1.0,16.0,23.0,62.0,6.0,7.0,28.0,4.0,1.0
3.0,2.0,2.0,16.0,169.0,62.0,19.0,7.0,28.0,4.0,1.0
1.0,2.0,2.0,16.0,1623.0,65.0,6.0,7.0,28.0,4.0,1.0
1.0,2.0,2.0,16.0,1619.0,65.0,6.0,7.0,28.0,4.0,1.0
1.0,2.0,2.0,16.0,1623.0,65.0,6.0,7.0,28.0,4.0,1.0
1.0,2.0,2.0,16.0,1632.0,65.0,6.0,7.0,28.0,4.0,1.0
1.0,2.0,3.0,16.0,1623.0,62.0,6.0,7.0,28.0,4.0,1.0
1.0,2.0,4.0,16.0,160.0,65.0,19.0,7.0,28.0,4.0,1.0
1.0,1.0,10.0,16.0,16.0,62.0,6.0,7.0,28.0,4.0,1.0
1.0,1.0,3.0,16.0,16.0,65.0,6.0,7.0,28.0,4.0,1.0
1.0,1.0,3.0,16.0,16.0,62.0,6.0,7.0,28.0,4.0,1.0
1.0,3.0,8.0,3.0,1022.0,62.0,121.0,7.0,27.0,3.0,1.0
1.0,3.0,10.0,3.0,1610.0,62.0,121.0,7.0,27.0,4.0,1.0
1.0,1.0,2.0,16.0,9.0,62.0,117.0,7.0,28.0,4.0,1.0
2.0,1.0,10.0,16.0,1623.0,62.0,6.0,7.0,28.0,4.0,1.0
2.0,1.0,10.0,16.0,1623.0,62.0,6.0,7.0,28.0,4.0,1.0
2.0,1.0,10.0,16.0,1623.0,62.0,19.0,7.0,28.0,4.0,1.0
2.0,1.0,9.0,16.0,1623.0,62.0,6.0,7.0,28.0,4.0,1.0
1.0,1.0,14.0,16.0,1623.0,62.0,19.0,7.0,28.0,4.0,1.0
2.0,2.0,25.0,16.0,0.0,65.0,19.0,7.0,28.0,1.0,1.0
1.0,1.0,14.0,16.0,1623.0,62.0,19.0,7.0,28.0,4.0,1.0
3.0,2.0,25.0,16.0,23.0,62.0,6.0,7.0,28.0,4.0,0.0
3.0,2.0,25.0,16.0,23.0,62.0,6.0,7.0,28.0,4.0,0.0
3.0,2.0,25.0,16.0,23.0,62.0,6.0,7.0,28.0,4.0,0.0
4.0,2.0,25.0,16.0,23.0,62.0,6.0,7.0,28.0,3.0,0.0
2.0,1.0,9.0,16.0,16.0,62.0,19.0,7.0,28.0,3.0,0.0
1.0,2.0,1.0,16.0,16.0,62.0,19.0,7.0,28.0,3.0,0.0
1.0,2.0,1.0,16.0,17.0,62.0,6.0,7.0,28.0,4.0,0.0
1.0,2.0,1.0,16.0,9.0,62.0,6.0,7.0,28.0,4.0,0.0
2.0,2.0,1.0,16.0,9.0,67.0,6121.0,7.0,28.0,4.0,0.0
2.0,2.0,1.0,16.0,9.0,65.0,6.0,7.0,28.0,4.0,0.0
1.0,2.0,1.0,16.0,9.0,62.0,19.0,7.0,28.0,4.0,0.0
1.0,1.0,1.0,16.0,927.0,62.0,19.0,7.0,28.0,4.0,1.0
2.0,2.0,11.0,16.0,23.0,62.0,6.0,13.0,28.0,4.0,0.0
1.0,1.0,4.0,9.0,0.0,62.0,13.0,13.0,28.0,4.0,0.0
2.0,1.0,17.0,16.0,23.0,62.0,19.0,7.0,28.0,3.0,0.0
1.0,1.0,3.0,16.0,14.0,3.0,6.0,8.0,28.0,4.0,0.0
0.0,1.0,15.0,4.0,9.0,90.0,121.0,5.0,28.0,3.0,0.0
4.0,1.0,20.0,16.0,16.0,65.0,121.0,8.0,28.0,0.0,1.0
1.0,1.0,12.0,16.0,1623.0,62.0,6.0,7.0,28.0,4.0,1.0
2.0,3.0,0.0,16.0,23.0,65.0,121.0,0.0,28.0,1.0,0.0
4.0,1.0,39.0,16.0,15.0,910.0,117.0,7.0,7.0,1.0,1.0
2.0,1.0,47.2,4.0,15.0,910.0,121.0,7.0,26.0,1.0,1.0
1.0,1.0,11.0,16.0,1623.0,62.0,19.0,7.0,28.0,4.0,1.0
4.0,1.0,26.8,158687.0,2.0,910.0,121.0,7.0,6.0,1.0,1.0
0.0,1.0,11.8,1511612.0,10.0,67.0,121.0,7.0,17.0,3.0,0.0
4.0,1.0,8.8,1581407.0,15.0,910.0,121.0,7.0,17.0,1.0,1.0
2.0,1.0,11.2,1511610.0,10.0,65.0,6.0,7.0,17.0,5.0,0.0
3.0,1.0,8.8,1581407.0,35.0,910.0,121.0,7.0,6.0,1.0,1.0
4.0,1.0,8.8,1581407.0,15.0,910.0,121.0,7.0,6.0,1.0,1.0
3.0,1.0,1.0,1511611.0,10.0,67.0,6.0,7.0,28.0,5.0,0.0
3.0,2.0,44.2,610.0,10.0,62.0,6.0,7.0,17.0,4.0,0.0
4.0,1.0,14.0,155210.0,10.0,67.0,121.0,7.0,32.0,1.0,0.0
0.0,2.0,11.8,1511611.0,0.0,65.0,121.0,5.0,28.0,3.0,0.0
2.0,1.0,11.8,1511610.0,10.0,67.0,121.0,7.0,17.0,5.0,1.0
3.0,1.0,1.0,1511610.0,10.0,67.0,19.0,7.0,17.0,3.0,1.0
2.0,2.0,8.8,1511158612.0,10.0,62.0,121.0,7.0,17.0,5.0,0.0
1.0,1.0,1.0,1511612.0,10.0,67.0,5.0,7.0,17.0,5.0,0.0
1.0,1.0,11.8,1511612.0,10.0,67.0,121.0,7.0,17.0,3.0,1.0
2.0,1.0,1.0,1511611.0,9.0,67.0,6.0,6.0,28.0,1.0,0.0
4.0,2.0,11.2,1511612.0,10.0,3.0,19.0,4.0,17.0,1.0,0.0
1.0,1.0,26.0,1511611.0,910.0,62.0,121.0,5.0,17.0,5.0,1.0
0.0,2.0,41.0,612.0,37.0,3.0,121.0,0.0,27.0,3.0,0.0
4.0,1.0,1.0,1511611.0,9.0,67.0,6.0,12.0,28.0,0.0,0.0
4.0,2.0,8.8,1511611610.0,9.0,62.0,6.0,7.0,17.0,5.0,1.0
3.0,1.0,11.2,1511612.0,26.0,62.0,6.0,7.0,17.0,5.0,0.0
1.0,1.0,16.0,1511610.0,10.0,67.0,121.0,7.0,17.0,5.0,1.0
2.0,2.0,26.0,1511610.0,910.0,62.0,121.0,7.0,17.0,5.0,0.0
1.0,1.5,1.0,1511611.0,9.0,67.0,5.0,7.0,28.0,5.0,0.0
0.0,1.0,28.0,6123.0,37.0,3.0,25.0,0.0,17.0,3.0,0.0
0.0,2.0,11.8,1511610.0,10.0,65.0,121.0,7.0,17.0,3.0,0.0
4.0,2.0,11.2,1511610.0,10.0,62.0,6.0,7.0,17.0,5.0,0.0
4.0,2.0,8.8,1511158612.0,10.0,65.0,6.0,7.0,17.0,3.0,0.0
2.0,1.0,8.8,1581407.0,10.0,910.0,121.0,7.0,6.0,5.0,0.0
0.0,1.0,48.8,1511.0,37.0,62.0,25.0,5.0,27.0,5.0,0.0
0.0,1.0,1.0,1511610.0,10.0,65.0,25.0,7.0,15.0,3.0,0.0
2.0,3.0,11.2,1511610.0,10.0,65.0,7.0,7.0,17.0,5.0,0.0
4.0,2.0,1.0,1511611.0,150.0,65.0,19.0,7.0,28.0,5.0,0.0
2.0,1.0,1.0,1511611.0,19.0,67.0,6.0,7.0,28.0,1.0,0.0
4.0,3.0,1.0,1511610.0,10.0,65.0,19.0,7.0,21.0,5.0,0.0
4.0,1.0,1.0,1511612.0,10.0,65.0,19.0,7.0,17.0,1.0,0.0
4.0,2.0,8.8,6121511.0,10.0,3.0,19.0,7.0,17.0,3.0,0.0
1.0,2.0,1.0,1511611.0,0.0,65.0,19.0,7.0,28.0,1.0,0.0
4.0,2.0,8.8,6121511.0,10.0,65.0,19.0,6.0,11.0,3.0,0.0
4.0,1.0,42.0,3.0,37.0,3.0,25.0,12.0,27.0,3.0,1.0
0.0,1.0,11.2,1511610.0,10.0,65.0,6.0,7.0,17.0,5.0,0.0
4.0,1.0,8.8,1581407.0,10.0,91.0,121.0,7.0,21.0,3.0,1.0
1.0,1.0,12.8,1581407.0,1510.0,91.0,2.0,7.0,20.0,0.0,1.0
3.0,1.0,1.0,1511610.0,10.0,65.0,6.0,7.0,17.0,3.0,0.0
3.0,1.0,1.0,1511612.0,10.0,67.0,6.0,2.0,17.0,3.0,0.0
1.0,1.0,1.0,1511611.0,9.0,62.0,6.0,12.0,28.0,0.0,0.0
3.0,1.0,1.0,1511611.0,9.0,65.0,6.0,7.0,28.0,5.0,0.0
4.0,1.0,1.0,1511610.0,10.0,67.0,6.0,7.0,17.0,3.0,0.0
3.0,1.0,1.0,1511610.0,10.0,67.0,6.0,7.0,17.0,5.0,0.0
3.0,1.0,1.0,1511611.0,9.0,67.0,6.0,7.0,28.0,5.0,0.0
3.0,1.0,1.0,1511610.0,10.0,62.0,6.0,7.0,17.0,1.0,0.0
1.0,1.0,48.4,158.0,10.0,62.0,121.0,7.0,17.0,5.0,0.0
4.0,2.0,1.0,1511610.0,10.0,67.0,6.0,7.0,17.0,5.0,1.0
3.0,2.0,1.0,1511612.0,10.0,65.0,6.0,7.0,17.0,5.0,1.0
2.0,1.0,20.0,155210.0,10.0,3.0,6.0,7.0,17.0,5.0,0.0
4.0,2.0,1.0,1511612.0,10.0,62.0,6.0,7.0,17.0,5.0,0.0
4.0,1.0,1.0,1511612.0,10.0,65.0,6.0,7.0,17.0,3.0,0.0
4.0,1.0,35.4,155210.0,10.0,67.0,6.0,2.0,17.0,5.0,0.0
3.0,1.0,1.0,1511610.0,10.0,65.0,6.0,7.0,17.0,5.0,0.0
4.0,1.0,1.0,1511611.0,9.0,62.0,19.0,7.0,28.0,1.0,0.0
1.0,1.0,40.0,610.0,10.0,67.0,6.0,7.0,17.0,5.0,0.0
3.0,1.0,35.2,1511.0,0.0,3.0,6.0,2.0,28.0,5.0,0.0
3.0,1.0,20.0,155210.0,10.0,3.0,6.0,2.0,28.0,5.0,0.0
1.0,2.0,10.0,155210.0,10.0,67.0,22.0,2.0,17.0,3.0,1.0
2.0,1.0,33.8,155210.0,10.0,67.0,19.0,7.0,17.0,4.0,1.0
3.0,1.0,35.4,155210.0,10.0,67.0,6.0,7.0,17.0,5.0,0.0
1.0,1.0,33.8,155210.0,10.0,67.0,22.0,7.0,17.0,4.0,0.0
0.0,1.0,11.8,1511612.0,10.0,65.0,121.0,7.0,17.0,3.0,0.0
2.0,1.0,33.8,155210.0,10.0,67.0,19.0,7.0,17.0,5.0,0.0
4.0,2.0,40.0,1511612.0,10.0,62.0,121.0,7.0,2.0,5.0,0.0
2.0,2.0,11.2,1511610.0,10.0,62.0,22.0,7.0,17.0,5.0,0.0
4.0,2.0,29.8,155210.0,10.0,62.0,22.0,7.0,17.0,1.0,0.0
4.0,2.0,29.8,155210.0,10.0,62.0,22.0,7.0,17.0,1.0,0.0
4.0,2.0,29.8,155210.0,10.0,62.0,22.0,7.0,17.0,1.0,0.0
4.0,2.0,8.8,1511611612.0,9.0,62.0,25.0,7.0,32.0,5.0,0.0
2.0,1.0,35.4,155210.0,10.0,65.0,6.0,7.0,17.0,5.0,0.0
3.0,1.0,8.8,1511611610.0,910.0,62.0,6.0,7.0,32.0,5.0,0.0
3.0,1.0,11.2,1511610.0,10.0,62.0,6.0,7.0,17.0,5.0,0.0
3.0,1.0,1.0,1511610.0,10.0,65.0,6.0,7.0,17.0,5.0,0.0
4.0,1.0,32.4,155210.0,10.0,62.0,19.0,7.0,31.0,1.0,0.0
3.0,1.0,11.2,1511610.0,10.0,62.0,6.0,7.0,17.0,5.0,0.0
1.0,1.0,11.8,1511612.0,10.0,65.0,121.0,7.0,16.0,5.0,1.0
1.0,1.0,1.0,1511611612.0,37.0,62.0,121.0,7.0,17.0,4.0,0.0
4.0,1.0,1.0,1511611.0,19.0,67.0,19.0,7.0,28.0,3.0,0.0
3.0,1.0,1.0,1511611.0,0.0,67.0,19.0,7.0,28.0,5.0,0.0
4.0,2.0,8.8,1511611610.0,910.0,65.0,6.0,7.0,32.0,5.0,1.0
4.0,2.0,1.0,1511610.0,10.0,67.0,22.0,7.0,17.0,5.0,0.0
2.0,2.0,11.2,1511610.0,10.0,65.0,22.0,7.0,17.0,5.0,0.0
3.0,2.0,1.0,1511610.0,10.0,65.0,22.0,0.0,17.0,5.0,0.0
2.0,2.0,11.2,1511610.0,10.0,65.0,22.0,7.0,17.0,5.0,0.0
4.0,2.0,11.2,1511610.0,10.0,62.0,22.0,7.0,17.0,5.0,0.0
4.0,1.0,11.2,1511611.0,0.0,62.0,25.0,9.0,28.0,3.0,0.0
1.0,1.0,11.8,1511610.0,10.0,65.0,121.0,7.0,17.0,0.0,1.0
3.0,1.0,35.4,155210.0,10.0,62.0,6.0,7.0,17.0,5.0,0.0
3.0,1.0,1.0,1511611.0,19.0,65.0,6.0,7.0,28.0,0.0,0.0
1.0,2.0,11.2,1511610.0,10.0,65.0,10.0,7.0,17.0,5.0,0.0
1.0,1.0,33.0,3.0,10.0,3.0,10.0,7.0,27.0,3.0,0.0
0.0,1.0,11.8,1511610.0,10.0,65.0,121.0,6.0,27.0,5.0,0.0
3.0,1.0,11.2,1511610.0,10.0,62.0,25.0,6.0,15.0,5.0,0.0
3.0,1.0,1.0,1511610.0,10.0,65.0,6.0,7.0,17.0,5.0,0.0
1.0,2.0,22.0,1511610.0,10.0,62.0,117.0,7.0,15.0,5.0,0.0
4.0,2.0,11.2,1511610.0,10.0,62.0,6.0,7.0,17.0,5.0,0.0
2.0,1.0,26.8,158687.0,15.0,910.0,117.0,7.0,6.0,1.0,0.0
3.0,1.0,22.0,1511610.0,10.0,62.0,121.0,7.0,32.0,4.0,1.0
3.0,1.0,11.8,1511610.0,10.0,62.0,121.0,7.0,32.0,3.0,1.0
4.0,1.0,22.0,1511610.0,10.0,62.0,121.0,7.0,17.0,3.0,1.0
4.0,1.0,22.0,1511610.0,10.0,62.0,117.0,6.0,15.0,3.0,0.0
1.0,1.0,15.8,1511610.0,1027.0,62.0,121.0,7.0,17.0,0.0,0.0
2.0,1.0,26.0,1511610.0,1027.0,62.0,117.0,7.0,5.0,5.0,1.0
2.0,1.0,11.2,1511610.0,10.0,62.0,6.0,7.0,17.0,3.0,1.0
1.0,1.0,11.2,1511610.0,10.0,62.0,10.0,8.0,17.0,3.0,1.0
4.0,1.0,11.2,1511610.0,10.0,62.0,6.0,7.0,17.0,5.0,0.0
0.0,1.0,11.8,1511612.0,10.0,67.0,121.0,7.0,17.0,5.0,0.0
0.0,1.0,11.8,1511610.0,10.0,65.0,121.0,7.0,17.0,3.0,0.0
1.0,2.0,1.0,1511610.0,10.0,67.0,10.0,7.0,17.0,0.0,0.0
1.0,1.0,11.8,1511610.0,10.0,65.0,121.0,7.0,17.0,5.0,0.0
4.0,2.0,1.0,1511610.0,10.0,67.0,10.0,7.0,17.0,5.0,0.0
2.0,2.0,11.8,1511611.0,9.0,62.0,121.0,7.0,28.0,3.0,1.0
4.0,1.0,11.2,1511610.0,10.0,62.0,7.0,7.0,15.0,5.0,0.0
3.0,1.0,11.2,1511612.0,10.0,62.0,6.0,7.0,29.0,5.0,0.0
2.0,1.0,1.0,1511610.0,10.0,67.0,15.0,7.0,17.0,5.0,0.0
1.0,1.0,11.8,1511611.0,9.0,65.0,121.0,7.0,28.0,4.0,0.0
2.0,2.0,3.0,611610.0,910.0,62.0,121.0,7.0,32.0,5.0,1.0
4.0,1.0,1.0,1511610.0,10.0,65.0,25.0,7.0,17.0,3.0,0.0
2.0,1.0,1.0,1511610.0,10.0,65.0,6.0,7.0,17.0,1.0,0.0
2.0,1.0,40.6,15868.0,15.0,3.0,25.0,7.0,30.0,1.0,1.0
0.0,1.0,1.0,1511610.0,10.0,65.0,25.0,7.0,15.0,3.0,1.0
0.0,2.0,22.0,1511610.0,10.0,62.0,121.0,7.0,17.0,4.0,1.0
1.0,2.0,11.2,1511610.0,10.0,65.0,22.0,7.0,17.0,5.0,1.0
0.0,1.0,11.8,1511610.0,10.0,65.0,121.0,7.0,17.0,5.0,0.0
0.0,1.0,22.0,1511610.0,10.0,62.0,121.0,7.0,15.0,5.0,0.0
0.0,1.0,11.8,1511610.0,10.0,65.0,117.0,7.0,17.0,5.0,0.0
2.0,2.0,15.2,1511610.0,910.0,65.0,25.0,7.0,17.0,5.0,0.0
1.0,2.0,11.2,1511610.0,10.0,62.0,19.0,7.0,17.0,4.0,0.0
1.0,1.0,21.0,1511610.0,1610.0,62.0,117.0,7.0,17.0,5.0,0.0
3.0,2.0,22.0,1511610.0,10.0,62.0,121.0,7.0,15.0,5.0,0.0
4.0,2.0,26.0,1511610.0,910.0,62.0,121.0,6.0,15.0,5.0,0.0
2.0,1.0,11.2,1511610.0,10.0,62.0,19.0,7.0,17.0,3.0,0.0
1.0,2.0,31.6,610.0,10.0,3.0,15.0,7.0,17.0,1.0,1.0
4.0,1.0,19.4,1511.0,19.0,90.0,121.0,7.0,4.0,3.0,1.0
4.0,1.0,42.8,158610.0,10.0,90.0,19117.0,7.0,16.0,1.0,0.0
4.0,1.0,15.8,158610.0,19.0,62.0,117.0,7.0,28.0,1.0,0.0
3.0,1.0,30.0,15868.0,2.0,90910.0,121.0,6.0,6.0,1.0,0.0
1.0,1.0,22.0,1511610.0,10.0,62.0,117.0,7.0,17.0,5.0,1.0
4.0,1.0,22.0,1511610.0,10.0,62.0,117.0,6.0,15.0,5.0,0.0
1.0,2.0,11.2,1511610.0,10.0,62.0,25.0,7.0,17.0,5.0,0.0
4.0,1.0,11.2,1511610.0,10.0,62.0,19.0,6.0,15.0,5.0,0.0
0.0,3.0,22.0,1511610.0,10.0,62.0,117.0,7.0,17.0,1.0,0.0
4.0,1.0,40.6,611.0,15.0,3.0,23.0,3.0,28.0,1.0,0.0
4.0,1.0,37.8,15113.0,37.0,62.0,121.0,7.0,27.0,3.0,0.0
4.0,1.0,11.8,1511610.0,10.0,65.0,121.0,7.0,15.0,5.0,0.0
3.0,1.0,11.8,1511610.0,1.0,67.0,117.0,7.0,28.0,5.0,0.0
2.0,1.0,11.2,1511610.0,10.0,62.0,10.0,7.0,17.0,5.0,0.0
2.0,1.0,1.0,1511610.0,10.0,65.0,10.0,7.0,17.0,3.0,0.0
0.0,1.0,11.2,1511610.0,10.0,65.0,10.0,8.0,17.0,5.0,0.0
2.0,2.0,11.8,1511610.0,10.0,65.0,121.0,8.0,17.0,5.0,0.0
3.0,2.0,11.2,1511610.0,10.0,3.0,10.0,7.0,12.0,5.0,1.0
3.0,2.0,11.8,1511610.0,10.0,65.0,121.0,7.0,15.0,5.0,1.0
1.0,2.0,15.8,1511610.0,1024.0,65.0,121.0,7.0,17.0,4.0,1.0
0.0,1.0,11.8,1511610.0,10.0,65.0,121.0,7.0,17.0,3.0,1.0
0.0,2.0,11.8,1511610.0,10.0,90.0,121.0,7.0,17.0,1.0,0.0
3.0,2.0,11.2,158610.0,910.0,3.0,121.0,7.0,19.0,4.0,0.0
3.0,2.0,19.4,15868.0,17.0,91.0,121.0,7.0,5.0,3.0,0.0
0.0,1.0,1.0,1511610.0,10.0,65.0,19.0,7.0,27.0,5.0,1.0
4.0,1.0,1.0,1511611.0,9.0,65.0,25.0,7.0,28.0,3.0,1.0
4.0,2.0,1.0,1511611.0,9.0,65.0,19.0,8.0,28.0,5.0,1.0
4.0,2.0,1.0,1511611.0,9.0,65.0,25.0,6.0,28.0,3.0,0.0
4.0,1.0,8.8,15868610.0,15.0,910.0,117.0,7.0,20.0,1.0,1.0
4.0,1.0,31.2,612.0,10.0,3.0,117.0,10.0,14.0,3.0,1.0
4.0,1.0,11.2,1511610.0,10.0,62.0,19.0,7.0,15.0,5.0,1.0
2.0,1.0,11.2,1511610.0,10.0,3.0,19.0,7.0,17.0,5.0,1.0
3.0,1.0,11.2,1511610.0,10.0,62.0,19.0,7.0,17.0,5.0,1.0
3.0,1.0,42.0,3.0,37.0,3.0,25.0,7.0,27.0,3.0,1.0
3.0,1.0,1.0,1511610.0,10.0,65.0,6.0,7.0,17.0,1.0,0.0
1.0,2.0,22.0,1511610.0,10.0,62.0,121.0,7.0,17.0,5.0,1.0
4.0,2.0,28.0,610.0,37.0,3.0,25.0,7.0,14.0,3.0,1.0
4.0,1.0,24.0,610.0,10.0,3.0,25.0,7.0,15.0,3.0,1.0
4.0,1.0,1.0,1511611.0,10.0,65.0,19.0,7.0,32.0,3.0,1.0
4.0,2.0,11.2,1511610.0,10.0,3.0,19.0,7.0,15.0,3.0,1.0
2.0,1.0,11.2,1511611.0,19.0,62.0,6.0,7.0,28.0,5.0,0.0
4.0,1.0,11.2,1511611.0,10.0,3.0,6.0,7.0,17.0,3.0,0.0
4.0,1.0,11.2,1511610.0,38.0,62.0,19.0,7.0,17.0,3.0,0.0
4.0,2.0,11.2,1511610.0,10.0,62.0,25.0,7.0,17.0,3.0,0.0
2.0,1.0,1.0,1511611.0,0.0,65.0,19.0,13.0,28.0,5.0,0.0
4.0,1.0,1.0,1511611.0,9.0,67.0,25.0,6.0,28.0,1.0,0.0
4.0,1.0,11.2,1511611.0,37.0,3.0,25.0,9.0,28.0,3.0,0.0
4.0,1.0,22.0,1511610.0,10.0,62.0,117.0,7.0,15.0,3.0,0.0
4.0,1.0,1.0,1511610.0,0.0,67.0,6.0,7.0,28.0,5.0,0.0
2.0,1.0,11.2,1511610.0,10.0,65.0,10.0,5.0,17.0,5.0,1.0
4.0,1.0,11.2,1511610.0,10.0,62.0,19.0,7.0,17.0,3.0,1.0
3.0,1.0,11.2,1511610.0,10.0,62.0,6.0,7.0,17.0,5.0,0.0
4.0,1.0,1.0,1511611.0,37.0,65.0,25.0,7.0,28.0,3.0,0.0
4.0,1.0,1.0,1511611.0,10.0,67.0,19.0,7.0,15.0,5.0,0.0
4.0,1.0,8.8,1511611610.0,10.0,62.0,19.0,7.0,32.0,3.0,0.0
4.0,1.0,1.0,1511610.0,10.0,65.0,25.0,7.0,32.0,3.0,0.0
1.0,1.0,8.8,1511611610.0,107.0,62.0,6121.0,7.0,32.0,5.0,0.0
4.0,1.0,11.2,1511610.0,10.0,62.0,25.0,7.0,15.0,3.0,0.0
4.0,2.0,1.0,1511611.0,0.0,65.0,25.0,0.0,28.0,5.0,0.0
2.0,1.0,1.0,1511611.0,9.0,65.0,25.0,0.0,28.0,5.0,0.0
0.0,1.0,1.0,1511611.0,10.0,65.0,19.0,0.0,28.0,5.0,0.0
2.0,1.0,11.8,1511611.0,23.0,65.0,121.0,0.0,28.0,0.0,0.0
2.0,2.0,8.8,1511611610.0,9.0,65.0,7.0,7.0,33.0,5.0,0.0
4.0,1.0,1.0,1511611.0,0.0,65.0,19.0,7.0,28.0,5.0,0.0
1.0,2.0,42.8,15113.0,37.0,65.0,7.0,12.0,27.0,5.0,0.0
4.0,1.0,11.2,1511610.0,10.0,62.0,19.0,7.0,21.0,5.0,0.0
4.0,1.0,1.0,1511610.0,0.0,62.0,19.0,7.0,28.0,1.0,0.0
4.0,2.0,22.0,1511610.0,19.0,62.0,117.0,7.0,28.0,5.0,0.0
4.0,1.0,11.8,1511610.0,19.0,65.0,117.0,7.0,28.0,5.0,0.0
1.0,1.0,1.0,1511611.0,9.0,65.0,7.0,0.0,28.0,5.0,0.0
1.0,1.0,1.0,1511611.0,19.0,65.0,7.0,8.0,28.0,5.0,0.0
2.0,2.0,1.0,1511610.0,100.0,65.0,6.0,7.0,17.0,3.0,0.0
4.0,2.0,1.0,1511611.0,9.0,65.0,25.0,8.0,28.0,3.0,0.0
3.0,1.0,1.0,1511611.0,0.0,65.0,6.0,0.0,28.0,5.0,0.0
1.0,1.0,11.8,1511611.0,27.0,65.0,117.0,8.0,28.0,3.0,0.0
1.0,1.0,1.0,1511611.0,9.0,65.0,6.0,7.0,28.0,4.0,0.0
0.0,1.0,1.0,1511611.0,0.0,67.0,7.0,0.0,28.0,5.0,0.0
4.0,2.0,11.8,1511611.0,19.0,67.0,121.0,0.0,28.0,1.0,0.0
4.0,2.0,1.0,1511611.0,0.0,65.0,25.0,0.0,28.0,5.0,0.0
2.0,2.0,22.0,1511610.0,10.0,62.0,121.0,7.0,17.0,5.0,0.0
3.0,1.0,11.2,1511611.0,0.0,62.0,6.0,8.0,28.0,5.0,0.0
4.0,1.0,43.0,3.0,37.0,62.0,6.0,5.0,27.0,3.0,0.0
3.0,1.0,1.0,1511611.0,9.0,62.0,25.0,5.0,28.0,1.0,0.0
4.0,2.0,11.2,1511610.0,107.0,62.0,6.0,7.0,15.0,5.0,0.0
4.0,2.0,11.2,1511610.0,10.0,62.0,19.0,7.0,14.0,4.0,0.0
4.0,1.0,1.0,1511610.0,10.0,65.0,25.0,7.0,15.0,3.0,0.0
4.0,1.0,11.2,1511610.0,10.0,62.0,19.0,7.0,14.0,5.0,0.0
4.0,1.0,11.2,1511610.0,10.0,62.0,19.0,7.0,15.0,5.0,0.0
3.0,1.0,1.0,1511610.0,10.0,67.0,19.0,7.0,17.0,5.0,0.0
4.0,1.0,8.8,1511611610.0,100.0,62.0,25.0,7.0,32.0,5.0,0.0
3.0,1.0,1.0,1511610.0,10.0,65.0,6.0,7.0,17.0,5.0,0.0
4.0,1.0,55.8,3.0,10.0,3.0,25.0,7.0,17.0,3.0,0.0
2.0,1.0,11.2,1511610.0,10.0,65.0,19.0,7.0,17.0,5.0,0.0
3.0,1.0,11.2,1511610.0,10.0,62.0,6.0,7.0,17.0,5.0,0.0
4.0,1.0,34.2,3.0,37.0,3.0,6.0,7.0,27.0,3.0,0.0
4.0,1.0,11.2,1511610.0,10.0,62.0,19.0,7.0,17.0,5.0,0.0
4.0,1.0,22.0,1511610.0,10.0,62.0,121.0,7.0,32.0,5.0,0.0
2.0,1.0,11.2,1511610.0,10.0,65.0,6.0,7.0,17.0,5.0,0.0
3.0,1.0,11.8,1511611.0,9.0,62.0,121.0,5.0,28.0,0.0,0.0
4.0,1.0,22.0,1511611.0,37.0,3.0,121.0,7.0,27.0,3.0,0.0
0.0,1.0,11.8,1511610.0,10.0,65.0,121.0,7.0,17.0,5.0,0.0
4.0,1.0,42.0,3.0,37.0,3.0,25.0,7.0,27.0,3.0,0.0
4.0,1.0,11.2,1511611.0,37.0,62.0,19.0,7.0,28.0,3.0,0.0
4.0,2.0,11.2,1511610.0,10.0,62.0,19.0,7.0,15.0,5.0,0.0
3.0,1.0,1.0,1511611.0,9.0,65.0,19.0,12.0,28.0,5.0,0.0
4.0,1.0,11.2,1511610.0,10.0,62.0,19.0,7.0,15.0,5.0,0.0
3.0,1.0,52.0,1511610.0,10.0,62.0,6.0,7.0,17.0,5.0,0.0
3.0,1.0,1.0,1511612.0,10.0,65.0,19.0,7.0,17.0,5.0,0.0
4.0,1.0,8.8,1511611610.0,100.0,62.0,6.0,7.0,32.0,5.0,0.0
4.0,1.0,34.2,6103.0,10.0,65.0,25.0,7.0,17.0,3.0,0.0
0.0,1.0,1.0,1511610.0,10.0,65.0,25.0,7.0,21.0,3.0,0.0
4.0,1.0,28.0,610.0,37.0,3.0,25.0,7.0,17.0,3.0,0.0
0.0,1.0,44.2,1511.0,0.0,65.0,19.0,8.0,28.0,1.0,0.0
4.0,1.0,11.2,1511610.0,10.0,62.0,25.0,7.0,21.0,3.0,0.0
0.0,1.0,1.0,1511611.0,37.0,65.0,25.0,7.0,28.0,3.0,0.0
4.0,1.0,11.2,1511610.0,10.0,62.0,19.0,7.0,14.0,5.0,0.0
4.0,1.0,11.2,1511610.0,10.0,62.0,6.0,7.0,21.0,5.0,0.0
0.0,1.0,25.8,610.0,10.0,3.0,25.0,7.0,21.0,5.0,0.0
4.0,1.0,44.2,610.0,10.0,65.0,6.0,7.0,17.0,5.0,0.0
4.0,1.0,11.2,1511611.0,37.0,62.0,19.0,13.0,28.0,3.0,0.0
4.0,1.0,11.2,1511611.0,19.0,62.0,19.0,7.0,28.0,3.0,0.0
4.0,2.0,1.0,1511611.0,9.0,67.0,6.0,0.0,28.0,3.0,0.0
0.0,1.0,28.0,610.0,37.0,3.0,25.0,7.0,15.0,3.0,0.0
4.0,1.0,1.0,1511610.0,10.0,67.0,6.0,7.0,17.0,3.0,0.0
2.0,1.0,40.0,1511.0,10.0,65.0,19.0,7.0,17.0,5.0,0.0
2.0,1.0,11.2,1511610.0,10.0,65.0,16.0,7.0,17.0,5.0,0.0
4.0,2.0,1.0,1511612.0,10.0,67.0,19.0,7.0,17.0,1.0,0.0
4.0,1.0,24.0,6103.0,10.0,3.0,19.0,7.0,17.0,3.0,0.0
4.0,2.0,11.2,1511610.0,10.0,3.0,25.0,7.0,15.0,3.0,0.0
1.0,1.0,11.2,1511610.0,19.0,3.0,6.0,7.0,28.0,5.0,0.0
4.0,1.0,1.0,1511610.0,10.0,67.0,6.0,6.0,17.0,3.0,0.0
4.0,1.0,11.2,1511611.0,0.0,62.0,19.0,0.0,28.0,5.0,0.0
4.0,1.0,1.0,1511612.0,10.0,67.0,6.0,7.0,17.0,3.0,0.0
4.0,1.0,1.0,1511611.0,9.0,67.0,6.0,7.0,28.0,3.0,0.0
4.0,1.0,1.0,1511611.0,0.0,67.0,6.0,8.0,28.0,5.0,0.0
3.0,1.0,1.0,1511612.0,10.0,67.0,6.0,7.0,9.0,1.0,0.0
4.0,1.0,1.0,1511612.0,10.0,67.0,6.0,7.0,18.0,1.0,0.0
4.0,1.0,8.8,1511611612.0,10.0,62.0,6.0,7.0,17.0,5.0,0.0
4.0,1.0,23.0,6113.0,37.0,3.0,6.0,7.0,28.0,3.0,0.0
4.0,1.0,40.8,3.0,10.0,3.0,25.0,7.0,27.0,3.0,0.0
2.0,1.0,1.0,1511612.0,10.0,65.0,6.0,7.0,9.0,1.0,0.0
4.0,1.0,64.2,3.0,10.0,3.0,25.0,7.0,16.0,3.0,0.0
4.0,1.0,1.0,1511610.0,37.0,65.0,25.0,7.0,21.0,3.0,0.0
4.0,1.0,22.0,1511611.0,9.0,62.0,1525.0,7.0,28.0,5.0,0.0
4.0,1.0,1.0,1511611.0,0.0,67.0,6.0,12.0,28.0,5.0,0.0
0.0,1.0,1.0,1511611.0,37.0,65.0,19.0,7.0,28.0,3.0,0.0
4.0,1.0,11.2,1511611.0,100.0,3.0,19.0,7.0,17.0,3.0,0.0
4.0,1.0,11.2,1511610.0,10.0,62.0,19.0,7.0,12.0,5.0,0.0
4.0,2.0,22.8,611610.0,20.0,62.0,19.0,7.0,32.0,5.0,0.0
2.0,1.0,1.0,1511612.0,10.0,67.0,4.0,7.0,2.0,3.0,0.0
0.0,1.0,1.0,1511611.0,37.0,65.0,4.0,7.0,28.0,3.0,0.0
0.0,1.0,1.0,1511611.0,10.0,65.0,4.0,7.0,28.0,3.0,0.0
1.0,2.0,11.8,1511610.0,10.0,67.0,117.0,7.0,17.0,5.0,0.0
4.0,1.0,45.6,610.0,10.0,65.0,117.0,7.0,13.0,1.0,0.0
3.0,1.0,11.2,1511612.0,10.0,62.0,6.0,7.0,17.0,5.0,0.0
0.0,1.0,28.6,612.0,10.0,3.0,6.0,0.0,15.0,3.0,0.0
4.0,1.0,11.2,1511611.0,0.0,62.0,19.0,7.0,28.0,3.0,0.0
4.0,1.0,11.2,1511610.0,10.0,62.0,6.0,7.0,22.0,1.0,0.0
4.0,1.0,44.2,610.0,10.0,65.0,6.0,7.0,15.0,3.0,0.0
4.0,1.0,1.0,610.0,36.0,65.0,24.0,7.0,15.0,1.0,0.0
4.0,1.0,11.2,1511610.0,10.0,62.0,19.0,7.0,15.0,3.0,0.0
4.0,1.0,40.4,610.0,10.0,3.0,19.0,7.0,21.0,1.0,0.0
1.0,2.0,11.2,1511611.0,9.0,62.0,19.0,8.0,28.0,1.0,0.0
4.0,1.0,11.2,1511610.0,10.0,62.0,19.0,7.0,15.0,3.0,0.0
0.0,1.0,42.0,3.0,37.0,3.0,19.0,7.0,27.0,3.0,0.0
0.0,1.0,42.0,3.0,37.0,3.0,19.0,7.0,27.0,3.0,0.0
3.0,1.0,11.2,1511610.0,10.0,62.0,19.0,7.0,17.0,3.0,0.0
0.0,1.0,1.0,1511610.0,10.0,65.0,19.0,7.0,15.0,3.0,0.0
2.0,1.0,11.2,1511610.0,37.0,62.0,6.0,7.0,17.0,3.0,0.0
0.0,1.0,11.2,1511611.0,90.0,62.0,19.0,7.0,28.0,3.0,0.0
0.0,1.0,42.0,3.0,37.0,3.0,19.0,7.0,27.0,3.0,0.0
0.0,1.0,11.2,1511611.0,37.0,3.0,19.0,7.0,27.0,3.0,0.0
0.0,1.0,40.2,612.0,10.0,62.0,19.0,7.0,17.0,5.0,0.0
0.0,1.0,42.0,3.0,37.0,3.0,19.0,0.0,27.0,3.0,0.0
0.0,1.0,42.0,3.0,37.0,3.0,19.0,7.0,27.0,3.0,0.0
4.0,1.0,1.0,1511610.0,10.0,67.0,19.0,7.0,17.0,3.0,0.0
4.0,2.0,11.2,1511610.0,10.0,3.0,19.0,7.0,17.0,1.0,0.0
4.0,1.0,55.0,1511.0,37.0,65.0,19.0,7.0,27.0,3.0,0.0
4.0,1.0,1.0,1511611.0,19.0,65.0,19.0,7.0,28.0,3.0,0.0
4.0,2.0,8.8,1511611610.0,910.0,62.0,19.0,7.0,31.0,3.0,0.0
4.0,2.0,32.0,611610.0,10.0,3.0,19.0,7.0,31.0,3.0,0.0
2.0,2.0,22.8,611610.0,10031.0,3.0,25.0,0.0,31.0,1.0,0.0
4.0,1.0,11.2,1511610.0,10.0,62.0,19.0,7.0,15.0,3.0,0.0
3.0,1.0,11.2,1511610.0,10.0,62.0,6.0,7.0,32.0,5.0,0.0
1.0,1.0,11.8,1511610.0,10.0,65.0,121.0,0.0,17.0,0.0,0.0
0.0,1.0,55.6,3.0,10.0,65.0,121.0,6.0,17.0,0.0,0.0
0.0,1.0,11.2,1511610.0,100.0,62.0,19.0,7.0,32.0,5.0,0.0
2.0,1.0,11.2,1511610.0,10.0,62.0,19.0,7.0,15.0,0.0,0.0
0.0,1.0,11.2,1511610.0,10.0,3.0,10.0,8.0,17.0,5.0,0.0
2.0,2.0,11.8,1511610.0,10.0,67.0,121.0,7.0,17.0,5.0,0.0
1.0,1.0,8.8,6116103.0,910.0,3.0,121.0,7.0,17.0,3.0,0.0
1.0,2.0,8.8,1511611610.0,910.0,62.0,121.0,0.0,32.0,1.0,0.0
3.0,1.0,22.0,1511611.0,0.0,62.0,121.0,11.0,28.0,5.0,0.0
4.0,1.0,11.8,1511611.0,0.0,62.0,121.0,12.0,28.0,1.0,0.0
4.0,1.0,11.2,1511611.0,0.0,62.0,6.0,7.0,28.0,5.0,0.0
4.0,1.0,11.8,1511611.0,9.0,62.0,117.0,7.0,28.0,3.0,0.0
4.0,1.0,22.0,1511610.0,108.0,62.0,117.0,6.0,15.0,3.0,0.0
0.0,1.0,23.4,610.0,910.0,3.0,22.0,7.0,17.0,3.0,0.0
1.0,1.0,22.0,1511611.0,9.0,62.0,121.0,0.0,27.0,3.0,0.0
3.0,1.0,30.0,15868.0,15.0,910.0,311.0,7.0,6.0,1.0,1.0
2.0,1.0,11.2,1511610.0,10.0,65.0,19.0,7.0,17.0,5.0,0.0
2.0,1.0,11.2,1511610.0,10.0,65.0,10.0,7.0,17.0,5.0,0.0
4.0,1.0,11.2,1511610.0,10.0,62.0,19.0,7.0,17.0,5.0,0.0
2.0,1.0,11.2,1511610.0,10.0,65.0,6.0,7.0,17.0,5.0,0.0
4.0,2.0,11.8,1511611.0,9.0,67.0,121.0,0.0,28.0,5.0,0.0
0.0,1.0,11.8,1511612.0,10.0,65.0,121.0,0.0,17.0,4.0,0.0
0.0,1.0,8.8,6121511.0,10.0,62.0,121.0,0.0,2.0,4.0,0.0
1.0,1.0,17.6,151161.0,10.0,62.0,121.0,0.0,36.0,4.0,0.0
0.0,1.0,8.8,6121511.0,10.0,62.0,121.0,0.0,2.0,3.0,1.0
4.0,1.0,11.2,1511610.0,10.0,62.0,25.0,7.0,21.0,3.0,0.0
3.0,1.0,11.2,1511612.0,10.0,62.0,6.0,7.0,2.0,4.0,0.0
0.0,1.0,11.2,1511610.0,37.0,62.0,25.0,7.0,21.0,3.0,0.0
2.0,1.0,8.8,6121511.0,10.0,65.0,117.0,7.0,9.0,5.0,0.0
3.0,2.0,4.0,1511610.0,10.0,6267.0,117.0,7.0,21.0,5.0,0.0
4.0,1.0,1.0,1511610.0,10.0,67.0,19.0,7.0,21.0,5.0,0.0
4.0,1.0,1.0,1511612.0,10.0,67.0,19.0,7.0,21.0,5.0,0.0
0.0,1.0,1.0,1511610.0,10.0,67.0,25.0,7.0,24.0,1.0,0.0
2.0,1.0,10.4,15113.0,19.0,67.0,121.0,0.0,28.0,1.0,0.0
